ISO-10303-21;
HEADER;
/* Generated by software containing ST-Developer
 * from STEP Tools, Inc. (www.steptools.com) 
 */

FILE_DESCRIPTION(
/* description */ (''),
/* implementation_level */ '2;1');

FILE_NAME(
/* name */ 'Self balancing Printable.step',
/* time_stamp */ '2026-10-08T22:48:52+05:30',
/* author */ (''),
/* organization */ (''),
/* preprocessor_version */ 'ST-DEVELOPER v20.2',
/* originating_system */ 'Autodesk Translation Framework v15.15.0.0',
/* authorisation */ '');

FILE_SCHEMA (('AUTOMOTIVE_DESIGN { 1 0 10303 214 3 1 1 }'));
ENDSEC;

DATA;
#10=MECHANICAL_DESIGN_GEOMETRIC_PRESENTATION_REPRESENTATION('',(#47,#48,
#49,#50,#51),#2655);
#11=ITEM_DEFINED_TRANSFORMATION($,$,#1679,#1776);
#12=ITEM_DEFINED_TRANSFORMATION($,$,#1694,#1777);
#13=ITEM_DEFINED_TRANSFORMATION($,$,#1709,#1778);
#14=ITEM_DEFINED_TRANSFORMATION($,$,#1716,#1779);
#15=ITEM_DEFINED_TRANSFORMATION($,$,#1751,#1780);
#16=(
REPRESENTATION_RELATIONSHIP($,$,#2678,#2677)
REPRESENTATION_RELATIONSHIP_WITH_TRANSFORMATION(#11)
SHAPE_REPRESENTATION_RELATIONSHIP()
);
#17=(
REPRESENTATION_RELATIONSHIP($,$,#2679,#2677)
REPRESENTATION_RELATIONSHIP_WITH_TRANSFORMATION(#12)
SHAPE_REPRESENTATION_RELATIONSHIP()
);
#18=(
REPRESENTATION_RELATIONSHIP($,$,#2680,#2677)
REPRESENTATION_RELATIONSHIP_WITH_TRANSFORMATION(#13)
SHAPE_REPRESENTATION_RELATIONSHIP()
);
#19=(
REPRESENTATION_RELATIONSHIP($,$,#2681,#2677)
REPRESENTATION_RELATIONSHIP_WITH_TRANSFORMATION(#14)
SHAPE_REPRESENTATION_RELATIONSHIP()
);
#20=(
REPRESENTATION_RELATIONSHIP($,$,#2682,#2677)
REPRESENTATION_RELATIONSHIP_WITH_TRANSFORMATION(#15)
SHAPE_REPRESENTATION_RELATIONSHIP()
);
#21=CONTEXT_DEPENDENT_SHAPE_REPRESENTATION(#16,#2672);
#22=CONTEXT_DEPENDENT_SHAPE_REPRESENTATION(#17,#2673);
#23=CONTEXT_DEPENDENT_SHAPE_REPRESENTATION(#18,#2674);
#24=CONTEXT_DEPENDENT_SHAPE_REPRESENTATION(#19,#2675);
#25=CONTEXT_DEPENDENT_SHAPE_REPRESENTATION(#20,#2676);
#26=NEXT_ASSEMBLY_USAGE_OCCURRENCE('Component2:1','Component2:1',
'Component2:1',#2684,#2685,'Component2:1');
#27=NEXT_ASSEMBLY_USAGE_OCCURRENCE('Component3:1','Component3:1',
'Component3:1',#2684,#2686,'Component3:1');
#28=NEXT_ASSEMBLY_USAGE_OCCURRENCE('Component4:1','Component4:1',
'Component4:1',#2684,#2687,'Component4:1');
#29=NEXT_ASSEMBLY_USAGE_OCCURRENCE('Component5:1','Component5:1',
'Component5:1',#2684,#2688,'Component5:1');
#30=NEXT_ASSEMBLY_USAGE_OCCURRENCE('Component1:1','Component1:1',
'Component1:1',#2684,#2689,'Component1:1');
#31=CIRCLE('',#1763,1.49999999999999);
#32=CIRCLE('',#1764,1.49999999999999);
#33=CIRCLE('',#1767,1.5);
#34=CIRCLE('',#1768,1.5);
#35=CYLINDRICAL_SURFACE('',#1762,1.49999999999999);
#36=CYLINDRICAL_SURFACE('',#1766,1.5);
#37=SHAPE_REPRESENTATION_RELATIONSHIP('SRR','None',#2678,#42);
#38=SHAPE_REPRESENTATION_RELATIONSHIP('SRR','None',#2679,#43);
#39=SHAPE_REPRESENTATION_RELATIONSHIP('SRR','None',#2680,#44);
#40=SHAPE_REPRESENTATION_RELATIONSHIP('SRR','None',#2681,#45);
#41=SHAPE_REPRESENTATION_RELATIONSHIP('SRR','None',#2682,#46);
#42=ADVANCED_BREP_SHAPE_REPRESENTATION('',(#52),#2650);
#43=ADVANCED_BREP_SHAPE_REPRESENTATION('',(#53),#2651);
#44=ADVANCED_BREP_SHAPE_REPRESENTATION('',(#54),#2652);
#45=ADVANCED_BREP_SHAPE_REPRESENTATION('',(#55),#2653);
#46=ADVANCED_BREP_SHAPE_REPRESENTATION('',(#56),#2654);
#47=STYLED_ITEM('',(#2711),#52);
#48=STYLED_ITEM('',(#2711),#53);
#49=STYLED_ITEM('',(#2711),#54);
#50=STYLED_ITEM('',(#2711),#55);
#51=STYLED_ITEM('',(#2711),#56);
#52=MANIFOLD_SOLID_BREP('Body1',#1617);
#53=MANIFOLD_SOLID_BREP('Body1',#1618);
#54=MANIFOLD_SOLID_BREP('Body1',#1619);
#55=MANIFOLD_SOLID_BREP('Body1',#1620);
#56=MANIFOLD_SOLID_BREP('Body1',#1621);
#57=FACE_BOUND('',#164,.T.);
#58=FACE_BOUND('',#174,.T.);
#59=FACE_BOUND('',#180,.T.);
#60=FACE_BOUND('',#190,.T.);
#61=FACE_BOUND('',#221,.T.);
#62=FACE_BOUND('',#222,.T.);
#63=FACE_BOUND('',#223,.T.);
#64=FACE_BOUND('',#224,.T.);
#65=FACE_BOUND('',#225,.T.);
#66=FACE_BOUND('',#236,.T.);
#67=FACE_BOUND('',#252,.T.);
#68=FACE_BOUND('',#253,.T.);
#69=FACE_BOUND('',#254,.T.);
#70=FACE_BOUND('',#255,.T.);
#71=FACE_OUTER_BOUND('',#159,.T.);
#72=FACE_OUTER_BOUND('',#160,.T.);
#73=FACE_OUTER_BOUND('',#161,.T.);
#74=FACE_OUTER_BOUND('',#162,.T.);
#75=FACE_OUTER_BOUND('',#163,.T.);
#76=FACE_OUTER_BOUND('',#165,.T.);
#77=FACE_OUTER_BOUND('',#166,.T.);
#78=FACE_OUTER_BOUND('',#167,.T.);
#79=FACE_OUTER_BOUND('',#168,.T.);
#80=FACE_OUTER_BOUND('',#169,.T.);
#81=FACE_OUTER_BOUND('',#170,.T.);
#82=FACE_OUTER_BOUND('',#171,.T.);
#83=FACE_OUTER_BOUND('',#172,.T.);
#84=FACE_OUTER_BOUND('',#173,.T.);
#85=FACE_OUTER_BOUND('',#175,.T.);
#86=FACE_OUTER_BOUND('',#176,.T.);
#87=FACE_OUTER_BOUND('',#177,.T.);
#88=FACE_OUTER_BOUND('',#178,.T.);
#89=FACE_OUTER_BOUND('',#179,.T.);
#90=FACE_OUTER_BOUND('',#181,.T.);
#91=FACE_OUTER_BOUND('',#182,.T.);
#92=FACE_OUTER_BOUND('',#183,.T.);
#93=FACE_OUTER_BOUND('',#184,.T.);
#94=FACE_OUTER_BOUND('',#185,.T.);
#95=FACE_OUTER_BOUND('',#186,.T.);
#96=FACE_OUTER_BOUND('',#187,.T.);
#97=FACE_OUTER_BOUND('',#188,.T.);
#98=FACE_OUTER_BOUND('',#189,.T.);
#99=FACE_OUTER_BOUND('',#191,.T.);
#100=FACE_OUTER_BOUND('',#192,.T.);
#101=FACE_OUTER_BOUND('',#193,.T.);
#102=FACE_OUTER_BOUND('',#194,.T.);
#103=FACE_OUTER_BOUND('',#195,.T.);
#104=FACE_OUTER_BOUND('',#196,.T.);
#105=FACE_OUTER_BOUND('',#197,.T.);
#106=FACE_OUTER_BOUND('',#198,.T.);
#107=FACE_OUTER_BOUND('',#199,.T.);
#108=FACE_OUTER_BOUND('',#200,.T.);
#109=FACE_OUTER_BOUND('',#201,.T.);
#110=FACE_OUTER_BOUND('',#202,.T.);
#111=FACE_OUTER_BOUND('',#203,.T.);
#112=FACE_OUTER_BOUND('',#204,.T.);
#113=FACE_OUTER_BOUND('',#205,.T.);
#114=FACE_OUTER_BOUND('',#206,.T.);
#115=FACE_OUTER_BOUND('',#207,.T.);
#116=FACE_OUTER_BOUND('',#208,.T.);
#117=FACE_OUTER_BOUND('',#209,.T.);
#118=FACE_OUTER_BOUND('',#210,.T.);
#119=FACE_OUTER_BOUND('',#211,.T.);
#120=FACE_OUTER_BOUND('',#212,.T.);
#121=FACE_OUTER_BOUND('',#213,.T.);
#122=FACE_OUTER_BOUND('',#214,.T.);
#123=FACE_OUTER_BOUND('',#215,.T.);
#124=FACE_OUTER_BOUND('',#216,.T.);
#125=FACE_OUTER_BOUND('',#217,.T.);
#126=FACE_OUTER_BOUND('',#218,.T.);
#127=FACE_OUTER_BOUND('',#219,.T.);
#128=FACE_OUTER_BOUND('',#220,.T.);
#129=FACE_OUTER_BOUND('',#226,.T.);
#130=FACE_OUTER_BOUND('',#227,.T.);
#131=FACE_OUTER_BOUND('',#228,.T.);
#132=FACE_OUTER_BOUND('',#229,.T.);
#133=FACE_OUTER_BOUND('',#230,.T.);
#134=FACE_OUTER_BOUND('',#231,.T.);
#135=FACE_OUTER_BOUND('',#232,.T.);
#136=FACE_OUTER_BOUND('',#233,.T.);
#137=FACE_OUTER_BOUND('',#234,.T.);
#138=FACE_OUTER_BOUND('',#235,.T.);
#139=FACE_OUTER_BOUND('',#237,.T.);
#140=FACE_OUTER_BOUND('',#238,.T.);
#141=FACE_OUTER_BOUND('',#239,.T.);
#142=FACE_OUTER_BOUND('',#240,.T.);
#143=FACE_OUTER_BOUND('',#241,.T.);
#144=FACE_OUTER_BOUND('',#242,.T.);
#145=FACE_OUTER_BOUND('',#243,.T.);
#146=FACE_OUTER_BOUND('',#244,.T.);
#147=FACE_OUTER_BOUND('',#245,.T.);
#148=FACE_OUTER_BOUND('',#246,.T.);
#149=FACE_OUTER_BOUND('',#247,.T.);
#150=FACE_OUTER_BOUND('',#248,.T.);
#151=FACE_OUTER_BOUND('',#249,.T.);
#152=FACE_OUTER_BOUND('',#250,.T.);
#153=FACE_OUTER_BOUND('',#251,.T.);
#154=FACE_OUTER_BOUND('',#256,.T.);
#155=FACE_OUTER_BOUND('',#257,.T.);
#156=FACE_OUTER_BOUND('',#258,.T.);
#157=FACE_OUTER_BOUND('',#259,.T.);
#158=FACE_OUTER_BOUND('',#260,.T.);
#159=EDGE_LOOP('',(#1023,#1024,#1025,#1026));
#160=EDGE_LOOP('',(#1027,#1028,#1029,#1030));
#161=EDGE_LOOP('',(#1031,#1032,#1033,#1034));
#162=EDGE_LOOP('',(#1035,#1036,#1037,#1038));
#163=EDGE_LOOP('',(#1039,#1040,#1041,#1042,#1043,#1044,#1045,#1046));
#164=EDGE_LOOP('',(#1047,#1048,#1049,#1050));
#165=EDGE_LOOP('',(#1051,#1052,#1053,#1054));
#166=EDGE_LOOP('',(#1055,#1056,#1057,#1058));
#167=EDGE_LOOP('',(#1059,#1060,#1061,#1062));
#168=EDGE_LOOP('',(#1063,#1064,#1065,#1066));
#169=EDGE_LOOP('',(#1067,#1068,#1069,#1070));
#170=EDGE_LOOP('',(#1071,#1072,#1073,#1074));
#171=EDGE_LOOP('',(#1075,#1076,#1077,#1078));
#172=EDGE_LOOP('',(#1079,#1080,#1081,#1082));
#173=EDGE_LOOP('',(#1083,#1084,#1085,#1086,#1087,#1088,#1089,#1090));
#174=EDGE_LOOP('',(#1091,#1092,#1093,#1094));
#175=EDGE_LOOP('',(#1095,#1096,#1097,#1098));
#176=EDGE_LOOP('',(#1099,#1100,#1101,#1102));
#177=EDGE_LOOP('',(#1103,#1104,#1105,#1106));
#178=EDGE_LOOP('',(#1107,#1108,#1109,#1110));
#179=EDGE_LOOP('',(#1111,#1112,#1113,#1114,#1115,#1116,#1117,#1118));
#180=EDGE_LOOP('',(#1119,#1120,#1121,#1122));
#181=EDGE_LOOP('',(#1123,#1124,#1125,#1126));
#182=EDGE_LOOP('',(#1127,#1128,#1129,#1130));
#183=EDGE_LOOP('',(#1131,#1132,#1133,#1134));
#184=EDGE_LOOP('',(#1135,#1136,#1137,#1138));
#185=EDGE_LOOP('',(#1139,#1140,#1141,#1142));
#186=EDGE_LOOP('',(#1143,#1144,#1145,#1146));
#187=EDGE_LOOP('',(#1147,#1148,#1149,#1150));
#188=EDGE_LOOP('',(#1151,#1152,#1153,#1154));
#189=EDGE_LOOP('',(#1155,#1156,#1157,#1158,#1159,#1160,#1161,#1162));
#190=EDGE_LOOP('',(#1163,#1164,#1165,#1166));
#191=EDGE_LOOP('',(#1167,#1168,#1169,#1170));
#192=EDGE_LOOP('',(#1171,#1172,#1173,#1174));
#193=EDGE_LOOP('',(#1175,#1176,#1177,#1178));
#194=EDGE_LOOP('',(#1179,#1180,#1181,#1182));
#195=EDGE_LOOP('',(#1183,#1184,#1185,#1186));
#196=EDGE_LOOP('',(#1187,#1188,#1189,#1190));
#197=EDGE_LOOP('',(#1191,#1192,#1193,#1194));
#198=EDGE_LOOP('',(#1195,#1196,#1197,#1198));
#199=EDGE_LOOP('',(#1199,#1200,#1201,#1202));
#200=EDGE_LOOP('',(#1203,#1204,#1205,#1206));
#201=EDGE_LOOP('',(#1207,#1208,#1209,#1210));
#202=EDGE_LOOP('',(#1211,#1212,#1213,#1214));
#203=EDGE_LOOP('',(#1215,#1216,#1217,#1218));
#204=EDGE_LOOP('',(#1219,#1220,#1221,#1222));
#205=EDGE_LOOP('',(#1223,#1224,#1225,#1226));
#206=EDGE_LOOP('',(#1227,#1228,#1229,#1230));
#207=EDGE_LOOP('',(#1231,#1232,#1233,#1234));
#208=EDGE_LOOP('',(#1235,#1236,#1237,#1238));
#209=EDGE_LOOP('',(#1239,#1240,#1241,#1242));
#210=EDGE_LOOP('',(#1243,#1244,#1245,#1246));
#211=EDGE_LOOP('',(#1247,#1248,#1249,#1250));
#212=EDGE_LOOP('',(#1251,#1252,#1253,#1254));
#213=EDGE_LOOP('',(#1255,#1256,#1257,#1258));
#214=EDGE_LOOP('',(#1259,#1260,#1261,#1262));
#215=EDGE_LOOP('',(#1263,#1264,#1265,#1266));
#216=EDGE_LOOP('',(#1267,#1268,#1269,#1270));
#217=EDGE_LOOP('',(#1271,#1272,#1273,#1274));
#218=EDGE_LOOP('',(#1275,#1276,#1277,#1278));
#219=EDGE_LOOP('',(#1279,#1280,#1281,#1282));
#220=EDGE_LOOP('',(#1283,#1284,#1285,#1286,#1287,#1288,#1289,#1290));
#221=EDGE_LOOP('',(#1291,#1292,#1293,#1294));
#222=EDGE_LOOP('',(#1295,#1296,#1297,#1298));
#223=EDGE_LOOP('',(#1299,#1300,#1301,#1302));
#224=EDGE_LOOP('',(#1303,#1304,#1305,#1306));
#225=EDGE_LOOP('',(#1307,#1308,#1309,#1310));
#226=EDGE_LOOP('',(#1311,#1312,#1313,#1314));
#227=EDGE_LOOP('',(#1315,#1316,#1317,#1318));
#228=EDGE_LOOP('',(#1319,#1320,#1321,#1322));
#229=EDGE_LOOP('',(#1323,#1324,#1325,#1326));
#230=EDGE_LOOP('',(#1327,#1328,#1329,#1330));
#231=EDGE_LOOP('',(#1331,#1332,#1333,#1334));
#232=EDGE_LOOP('',(#1335,#1336,#1337,#1338));
#233=EDGE_LOOP('',(#1339,#1340,#1341,#1342));
#234=EDGE_LOOP('',(#1343,#1344,#1345,#1346,#1347,#1348,#1349,#1350));
#235=EDGE_LOOP('',(#1351,#1352,#1353,#1354));
#236=EDGE_LOOP('',(#1355,#1356,#1357,#1358));
#237=EDGE_LOOP('',(#1359,#1360,#1361,#1362));
#238=EDGE_LOOP('',(#1363,#1364,#1365,#1366));
#239=EDGE_LOOP('',(#1367,#1368,#1369,#1370));
#240=EDGE_LOOP('',(#1371,#1372,#1373,#1374));
#241=EDGE_LOOP('',(#1375,#1376,#1377,#1378));
#242=EDGE_LOOP('',(#1379,#1380,#1381,#1382));
#243=EDGE_LOOP('',(#1383,#1384,#1385,#1386));
#244=EDGE_LOOP('',(#1387,#1388,#1389,#1390));
#245=EDGE_LOOP('',(#1391,#1392,#1393,#1394));
#246=EDGE_LOOP('',(#1395,#1396,#1397,#1398));
#247=EDGE_LOOP('',(#1399,#1400,#1401,#1402));
#248=EDGE_LOOP('',(#1403));
#249=EDGE_LOOP('',(#1404,#1405,#1406,#1407));
#250=EDGE_LOOP('',(#1408));
#251=EDGE_LOOP('',(#1409,#1410,#1411,#1412));
#252=EDGE_LOOP('',(#1413,#1414,#1415,#1416));
#253=EDGE_LOOP('',(#1417,#1418,#1419,#1420));
#254=EDGE_LOOP('',(#1421));
#255=EDGE_LOOP('',(#1422));
#256=EDGE_LOOP('',(#1423,#1424,#1425,#1426));
#257=EDGE_LOOP('',(#1427,#1428,#1429,#1430));
#258=EDGE_LOOP('',(#1431,#1432,#1433,#1434));
#259=EDGE_LOOP('',(#1435,#1436,#1437,#1438));
#260=EDGE_LOOP('',(#1439,#1440,#1441,#1442));
#261=LINE('',#2198,#467);
#262=LINE('',#2200,#468);
#263=LINE('',#2202,#469);
#264=LINE('',#2203,#470);
#265=LINE('',#2206,#471);
#266=LINE('',#2208,#472);
#267=LINE('',#2209,#473);
#268=LINE('',#2212,#474);
#269=LINE('',#2214,#475);
#270=LINE('',#2215,#476);
#271=LINE('',#2217,#477);
#272=LINE('',#2218,#478);
#273=LINE('',#2222,#479);
#274=LINE('',#2224,#480);
#275=LINE('',#2226,#481);
#276=LINE('',#2228,#482);
#277=LINE('',#2230,#483);
#278=LINE('',#2232,#484);
#279=LINE('',#2234,#485);
#280=LINE('',#2235,#486);
#281=LINE('',#2238,#487);
#282=LINE('',#2240,#488);
#283=LINE('',#2241,#489);
#284=LINE('',#2244,#490);
#285=LINE('',#2245,#491);
#286=LINE('',#2248,#492);
#287=LINE('',#2249,#493);
#288=LINE('',#2252,#494);
#289=LINE('',#2253,#495);
#290=LINE('',#2256,#496);
#291=LINE('',#2257,#497);
#292=LINE('',#2260,#498);
#293=LINE('',#2261,#499);
#294=LINE('',#2264,#500);
#295=LINE('',#2265,#501);
#296=LINE('',#2267,#502);
#297=LINE('',#2273,#503);
#298=LINE('',#2275,#504);
#299=LINE('',#2277,#505);
#300=LINE('',#2278,#506);
#301=LINE('',#2281,#507);
#302=LINE('',#2283,#508);
#303=LINE('',#2284,#509);
#304=LINE('',#2287,#510);
#305=LINE('',#2289,#511);
#306=LINE('',#2290,#512);
#307=LINE('',#2292,#513);
#308=LINE('',#2293,#514);
#309=LINE('',#2297,#515);
#310=LINE('',#2299,#516);
#311=LINE('',#2301,#517);
#312=LINE('',#2303,#518);
#313=LINE('',#2305,#519);
#314=LINE('',#2307,#520);
#315=LINE('',#2309,#521);
#316=LINE('',#2310,#522);
#317=LINE('',#2314,#523);
#318=LINE('',#2315,#524);
#319=LINE('',#2316,#525);
#320=LINE('',#2319,#526);
#321=LINE('',#2320,#527);
#322=LINE('',#2323,#528);
#323=LINE('',#2324,#529);
#324=LINE('',#2327,#530);
#325=LINE('',#2328,#531);
#326=LINE('',#2331,#532);
#327=LINE('',#2332,#533);
#328=LINE('',#2335,#534);
#329=LINE('',#2336,#535);
#330=LINE('',#2339,#536);
#331=LINE('',#2340,#537);
#332=LINE('',#2342,#538);
#333=LINE('',#2348,#539);
#334=LINE('',#2350,#540);
#335=LINE('',#2352,#541);
#336=LINE('',#2353,#542);
#337=LINE('',#2357,#543);
#338=LINE('',#2359,#544);
#339=LINE('',#2361,#545);
#340=LINE('',#2362,#546);
#341=LINE('',#2364,#547);
#342=LINE('',#2365,#548);
#343=LINE('',#2367,#549);
#344=LINE('',#2369,#550);
#345=LINE('',#2375,#551);
#346=LINE('',#2377,#552);
#347=LINE('',#2379,#553);
#348=LINE('',#2380,#554);
#349=LINE('',#2383,#555);
#350=LINE('',#2385,#556);
#351=LINE('',#2386,#557);
#352=LINE('',#2389,#558);
#353=LINE('',#2391,#559);
#354=LINE('',#2392,#560);
#355=LINE('',#2394,#561);
#356=LINE('',#2395,#562);
#357=LINE('',#2399,#563);
#358=LINE('',#2401,#564);
#359=LINE('',#2403,#565);
#360=LINE('',#2404,#566);
#361=LINE('',#2407,#567);
#362=LINE('',#2409,#568);
#363=LINE('',#2410,#569);
#364=LINE('',#2413,#570);
#365=LINE('',#2415,#571);
#366=LINE('',#2416,#572);
#367=LINE('',#2418,#573);
#368=LINE('',#2419,#574);
#369=LINE('',#2424,#575);
#370=LINE('',#2426,#576);
#371=LINE('',#2428,#577);
#372=LINE('',#2429,#578);
#373=LINE('',#2432,#579);
#374=LINE('',#2434,#580);
#375=LINE('',#2435,#581);
#376=LINE('',#2438,#582);
#377=LINE('',#2440,#583);
#378=LINE('',#2441,#584);
#379=LINE('',#2443,#585);
#380=LINE('',#2444,#586);
#381=LINE('',#2449,#587);
#382=LINE('',#2451,#588);
#383=LINE('',#2453,#589);
#384=LINE('',#2454,#590);
#385=LINE('',#2457,#591);
#386=LINE('',#2459,#592);
#387=LINE('',#2460,#593);
#388=LINE('',#2463,#594);
#389=LINE('',#2465,#595);
#390=LINE('',#2466,#596);
#391=LINE('',#2468,#597);
#392=LINE('',#2469,#598);
#393=LINE('',#2474,#599);
#394=LINE('',#2476,#600);
#395=LINE('',#2478,#601);
#396=LINE('',#2479,#602);
#397=LINE('',#2483,#603);
#398=LINE('',#2485,#604);
#399=LINE('',#2487,#605);
#400=LINE('',#2488,#606);
#401=LINE('',#2490,#607);
#402=LINE('',#2491,#608);
#403=LINE('',#2493,#609);
#404=LINE('',#2496,#610);
#405=LINE('',#2498,#611);
#406=LINE('',#2500,#612);
#407=LINE('',#2502,#613);
#408=LINE('',#2503,#614);
#409=LINE('',#2506,#615);
#410=LINE('',#2508,#616);
#411=LINE('',#2510,#617);
#412=LINE('',#2511,#618);
#413=LINE('',#2514,#619);
#414=LINE('',#2516,#620);
#415=LINE('',#2517,#621);
#416=LINE('',#2520,#622);
#417=LINE('',#2521,#623);
#418=LINE('',#2524,#624);
#419=LINE('',#2525,#625);
#420=LINE('',#2527,#626);
#421=LINE('',#2532,#627);
#422=LINE('',#2533,#628);
#423=LINE('',#2534,#629);
#424=LINE('',#2537,#630);
#425=LINE('',#2538,#631);
#426=LINE('',#2541,#632);
#427=LINE('',#2542,#633);
#428=LINE('',#2544,#634);
#429=LINE('',#2550,#635);
#430=LINE('',#2552,#636);
#431=LINE('',#2554,#637);
#432=LINE('',#2555,#638);
#433=LINE('',#2558,#639);
#434=LINE('',#2560,#640);
#435=LINE('',#2561,#641);
#436=LINE('',#2564,#642);
#437=LINE('',#2566,#643);
#438=LINE('',#2567,#644);
#439=LINE('',#2569,#645);
#440=LINE('',#2570,#646);
#441=LINE('',#2575,#647);
#442=LINE('',#2577,#648);
#443=LINE('',#2579,#649);
#444=LINE('',#2580,#650);
#445=LINE('',#2583,#651);
#446=LINE('',#2585,#652);
#447=LINE('',#2586,#653);
#448=LINE('',#2589,#654);
#449=LINE('',#2591,#655);
#450=LINE('',#2592,#656);
#451=LINE('',#2594,#657);
#452=LINE('',#2595,#658);
#453=LINE('',#2601,#659);
#454=LINE('',#2608,#660);
#455=LINE('',#2614,#661);
#456=LINE('',#2616,#662);
#457=LINE('',#2618,#663);
#458=LINE('',#2619,#664);
#459=LINE('',#2623,#665);
#460=LINE('',#2624,#666);
#461=LINE('',#2625,#667);
#462=LINE('',#2629,#668);
#463=LINE('',#2630,#669);
#464=LINE('',#2631,#670);
#465=LINE('',#2633,#671);
#466=LINE('',#2635,#672);
#467=VECTOR('',#1787,10.);
#468=VECTOR('',#1788,10.);
#469=VECTOR('',#1789,10.);
#470=VECTOR('',#1790,10.);
#471=VECTOR('',#1793,10.);
#472=VECTOR('',#1794,10.);
#473=VECTOR('',#1795,10.);
#474=VECTOR('',#1798,10.);
#475=VECTOR('',#1799,10.);
#476=VECTOR('',#1800,10.);
#477=VECTOR('',#1803,10.);
#478=VECTOR('',#1804,10.);
#479=VECTOR('',#1807,10.);
#480=VECTOR('',#1808,10.);
#481=VECTOR('',#1809,10.);
#482=VECTOR('',#1810,10.);
#483=VECTOR('',#1811,10.);
#484=VECTOR('',#1812,10.);
#485=VECTOR('',#1813,10.);
#486=VECTOR('',#1814,10.);
#487=VECTOR('',#1817,10.);
#488=VECTOR('',#1818,10.);
#489=VECTOR('',#1819,10.);
#490=VECTOR('',#1822,10.);
#491=VECTOR('',#1823,10.);
#492=VECTOR('',#1826,10.);
#493=VECTOR('',#1827,10.);
#494=VECTOR('',#1830,10.);
#495=VECTOR('',#1831,10.);
#496=VECTOR('',#1834,10.);
#497=VECTOR('',#1835,10.);
#498=VECTOR('',#1838,10.);
#499=VECTOR('',#1839,10.);
#500=VECTOR('',#1842,10.);
#501=VECTOR('',#1843,10.);
#502=VECTOR('',#1846,10.);
#503=VECTOR('',#1853,10.);
#504=VECTOR('',#1854,10.);
#505=VECTOR('',#1855,10.);
#506=VECTOR('',#1856,10.);
#507=VECTOR('',#1859,10.);
#508=VECTOR('',#1860,10.);
#509=VECTOR('',#1861,10.);
#510=VECTOR('',#1864,10.);
#511=VECTOR('',#1865,10.);
#512=VECTOR('',#1866,10.);
#513=VECTOR('',#1869,10.);
#514=VECTOR('',#1870,10.);
#515=VECTOR('',#1873,10.);
#516=VECTOR('',#1874,10.);
#517=VECTOR('',#1875,10.);
#518=VECTOR('',#1876,10.);
#519=VECTOR('',#1877,10.);
#520=VECTOR('',#1878,10.);
#521=VECTOR('',#1879,10.);
#522=VECTOR('',#1880,10.);
#523=VECTOR('',#1883,10.);
#524=VECTOR('',#1884,10.);
#525=VECTOR('',#1885,10.);
#526=VECTOR('',#1888,10.);
#527=VECTOR('',#1889,10.);
#528=VECTOR('',#1892,10.);
#529=VECTOR('',#1893,10.);
#530=VECTOR('',#1896,10.);
#531=VECTOR('',#1897,10.);
#532=VECTOR('',#1900,10.);
#533=VECTOR('',#1901,10.);
#534=VECTOR('',#1904,10.);
#535=VECTOR('',#1905,10.);
#536=VECTOR('',#1908,10.);
#537=VECTOR('',#1909,10.);
#538=VECTOR('',#1912,10.);
#539=VECTOR('',#1919,10.);
#540=VECTOR('',#1920,10.);
#541=VECTOR('',#1921,10.);
#542=VECTOR('',#1922,10.);
#543=VECTOR('',#1925,10.);
#544=VECTOR('',#1926,10.);
#545=VECTOR('',#1927,10.);
#546=VECTOR('',#1928,10.);
#547=VECTOR('',#1931,10.);
#548=VECTOR('',#1932,10.);
#549=VECTOR('',#1935,10.);
#550=VECTOR('',#1938,10.);
#551=VECTOR('',#1945,10.);
#552=VECTOR('',#1946,10.);
#553=VECTOR('',#1947,10.);
#554=VECTOR('',#1948,10.);
#555=VECTOR('',#1951,10.);
#556=VECTOR('',#1952,10.);
#557=VECTOR('',#1953,10.);
#558=VECTOR('',#1956,10.);
#559=VECTOR('',#1957,10.);
#560=VECTOR('',#1958,10.);
#561=VECTOR('',#1961,10.);
#562=VECTOR('',#1962,10.);
#563=VECTOR('',#1965,10.);
#564=VECTOR('',#1966,10.);
#565=VECTOR('',#1967,10.);
#566=VECTOR('',#1968,10.);
#567=VECTOR('',#1971,10.);
#568=VECTOR('',#1972,10.);
#569=VECTOR('',#1973,10.);
#570=VECTOR('',#1976,10.);
#571=VECTOR('',#1977,10.);
#572=VECTOR('',#1978,10.);
#573=VECTOR('',#1981,10.);
#574=VECTOR('',#1982,10.);
#575=VECTOR('',#1987,10.);
#576=VECTOR('',#1988,10.);
#577=VECTOR('',#1989,10.);
#578=VECTOR('',#1990,10.);
#579=VECTOR('',#1993,10.);
#580=VECTOR('',#1994,10.);
#581=VECTOR('',#1995,10.);
#582=VECTOR('',#1998,10.);
#583=VECTOR('',#1999,10.);
#584=VECTOR('',#2000,10.);
#585=VECTOR('',#2003,10.);
#586=VECTOR('',#2004,10.);
#587=VECTOR('',#2009,10.);
#588=VECTOR('',#2010,10.);
#589=VECTOR('',#2011,10.);
#590=VECTOR('',#2012,10.);
#591=VECTOR('',#2015,10.);
#592=VECTOR('',#2016,10.);
#593=VECTOR('',#2017,10.);
#594=VECTOR('',#2020,10.);
#595=VECTOR('',#2021,10.);
#596=VECTOR('',#2022,10.);
#597=VECTOR('',#2025,10.);
#598=VECTOR('',#2026,10.);
#599=VECTOR('',#2031,10.);
#600=VECTOR('',#2032,10.);
#601=VECTOR('',#2033,10.);
#602=VECTOR('',#2034,10.);
#603=VECTOR('',#2037,10.);
#604=VECTOR('',#2038,10.);
#605=VECTOR('',#2039,10.);
#606=VECTOR('',#2040,10.);
#607=VECTOR('',#2043,10.);
#608=VECTOR('',#2044,10.);
#609=VECTOR('',#2047,10.);
#610=VECTOR('',#2050,10.);
#611=VECTOR('',#2051,10.);
#612=VECTOR('',#2052,10.);
#613=VECTOR('',#2053,10.);
#614=VECTOR('',#2054,10.);
#615=VECTOR('',#2055,10.);
#616=VECTOR('',#2056,10.);
#617=VECTOR('',#2057,10.);
#618=VECTOR('',#2058,10.);
#619=VECTOR('',#2061,10.);
#620=VECTOR('',#2062,10.);
#621=VECTOR('',#2063,10.);
#622=VECTOR('',#2066,10.);
#623=VECTOR('',#2067,10.);
#624=VECTOR('',#2070,10.);
#625=VECTOR('',#2071,10.);
#626=VECTOR('',#2074,10.);
#627=VECTOR('',#2079,10.);
#628=VECTOR('',#2080,10.);
#629=VECTOR('',#2081,10.);
#630=VECTOR('',#2084,10.);
#631=VECTOR('',#2085,10.);
#632=VECTOR('',#2088,10.);
#633=VECTOR('',#2089,10.);
#634=VECTOR('',#2092,10.);
#635=VECTOR('',#2099,10.);
#636=VECTOR('',#2100,10.);
#637=VECTOR('',#2101,10.);
#638=VECTOR('',#2102,10.);
#639=VECTOR('',#2105,10.);
#640=VECTOR('',#2106,10.);
#641=VECTOR('',#2107,10.);
#642=VECTOR('',#2110,10.);
#643=VECTOR('',#2111,10.);
#644=VECTOR('',#2112,10.);
#645=VECTOR('',#2115,10.);
#646=VECTOR('',#2116,10.);
#647=VECTOR('',#2121,10.);
#648=VECTOR('',#2122,10.);
#649=VECTOR('',#2123,10.);
#650=VECTOR('',#2124,10.);
#651=VECTOR('',#2127,10.);
#652=VECTOR('',#2128,10.);
#653=VECTOR('',#2129,10.);
#654=VECTOR('',#2132,10.);
#655=VECTOR('',#2133,10.);
#656=VECTOR('',#2134,10.);
#657=VECTOR('',#2137,10.);
#658=VECTOR('',#2138,10.);
#659=VECTOR('',#2145,1.49999999999999);
#660=VECTOR('',#2154,1.5);
#661=VECTOR('',#2161,10.);
#662=VECTOR('',#2162,10.);
#663=VECTOR('',#2163,10.);
#664=VECTOR('',#2164,10.);
#665=VECTOR('',#2167,10.);
#666=VECTOR('',#2168,10.);
#667=VECTOR('',#2169,10.);
#668=VECTOR('',#2172,10.);
#669=VECTOR('',#2173,10.);
#670=VECTOR('',#2174,10.);
#671=VECTOR('',#2177,10.);
#672=VECTOR('',#2180,10.);
#673=VERTEX_POINT('',#2196);
#674=VERTEX_POINT('',#2197);
#675=VERTEX_POINT('',#2199);
#676=VERTEX_POINT('',#2201);
#677=VERTEX_POINT('',#2205);
#678=VERTEX_POINT('',#2207);
#679=VERTEX_POINT('',#2211);
#680=VERTEX_POINT('',#2213);
#681=VERTEX_POINT('',#2220);
#682=VERTEX_POINT('',#2221);
#683=VERTEX_POINT('',#2223);
#684=VERTEX_POINT('',#2225);
#685=VERTEX_POINT('',#2227);
#686=VERTEX_POINT('',#2229);
#687=VERTEX_POINT('',#2231);
#688=VERTEX_POINT('',#2233);
#689=VERTEX_POINT('',#2237);
#690=VERTEX_POINT('',#2239);
#691=VERTEX_POINT('',#2243);
#692=VERTEX_POINT('',#2247);
#693=VERTEX_POINT('',#2251);
#694=VERTEX_POINT('',#2255);
#695=VERTEX_POINT('',#2259);
#696=VERTEX_POINT('',#2263);
#697=VERTEX_POINT('',#2271);
#698=VERTEX_POINT('',#2272);
#699=VERTEX_POINT('',#2274);
#700=VERTEX_POINT('',#2276);
#701=VERTEX_POINT('',#2280);
#702=VERTEX_POINT('',#2282);
#703=VERTEX_POINT('',#2286);
#704=VERTEX_POINT('',#2288);
#705=VERTEX_POINT('',#2295);
#706=VERTEX_POINT('',#2296);
#707=VERTEX_POINT('',#2298);
#708=VERTEX_POINT('',#2300);
#709=VERTEX_POINT('',#2302);
#710=VERTEX_POINT('',#2304);
#711=VERTEX_POINT('',#2306);
#712=VERTEX_POINT('',#2308);
#713=VERTEX_POINT('',#2312);
#714=VERTEX_POINT('',#2313);
#715=VERTEX_POINT('',#2318);
#716=VERTEX_POINT('',#2322);
#717=VERTEX_POINT('',#2326);
#718=VERTEX_POINT('',#2330);
#719=VERTEX_POINT('',#2334);
#720=VERTEX_POINT('',#2338);
#721=VERTEX_POINT('',#2346);
#722=VERTEX_POINT('',#2347);
#723=VERTEX_POINT('',#2349);
#724=VERTEX_POINT('',#2351);
#725=VERTEX_POINT('',#2355);
#726=VERTEX_POINT('',#2356);
#727=VERTEX_POINT('',#2358);
#728=VERTEX_POINT('',#2360);
#729=VERTEX_POINT('',#2373);
#730=VERTEX_POINT('',#2374);
#731=VERTEX_POINT('',#2376);
#732=VERTEX_POINT('',#2378);
#733=VERTEX_POINT('',#2382);
#734=VERTEX_POINT('',#2384);
#735=VERTEX_POINT('',#2388);
#736=VERTEX_POINT('',#2390);
#737=VERTEX_POINT('',#2397);
#738=VERTEX_POINT('',#2398);
#739=VERTEX_POINT('',#2400);
#740=VERTEX_POINT('',#2402);
#741=VERTEX_POINT('',#2406);
#742=VERTEX_POINT('',#2408);
#743=VERTEX_POINT('',#2412);
#744=VERTEX_POINT('',#2414);
#745=VERTEX_POINT('',#2422);
#746=VERTEX_POINT('',#2423);
#747=VERTEX_POINT('',#2425);
#748=VERTEX_POINT('',#2427);
#749=VERTEX_POINT('',#2431);
#750=VERTEX_POINT('',#2433);
#751=VERTEX_POINT('',#2437);
#752=VERTEX_POINT('',#2439);
#753=VERTEX_POINT('',#2447);
#754=VERTEX_POINT('',#2448);
#755=VERTEX_POINT('',#2450);
#756=VERTEX_POINT('',#2452);
#757=VERTEX_POINT('',#2456);
#758=VERTEX_POINT('',#2458);
#759=VERTEX_POINT('',#2462);
#760=VERTEX_POINT('',#2464);
#761=VERTEX_POINT('',#2472);
#762=VERTEX_POINT('',#2473);
#763=VERTEX_POINT('',#2475);
#764=VERTEX_POINT('',#2477);
#765=VERTEX_POINT('',#2481);
#766=VERTEX_POINT('',#2482);
#767=VERTEX_POINT('',#2484);
#768=VERTEX_POINT('',#2486);
#769=VERTEX_POINT('',#2495);
#770=VERTEX_POINT('',#2497);
#771=VERTEX_POINT('',#2499);
#772=VERTEX_POINT('',#2501);
#773=VERTEX_POINT('',#2504);
#774=VERTEX_POINT('',#2505);
#775=VERTEX_POINT('',#2507);
#776=VERTEX_POINT('',#2509);
#777=VERTEX_POINT('',#2513);
#778=VERTEX_POINT('',#2515);
#779=VERTEX_POINT('',#2519);
#780=VERTEX_POINT('',#2523);
#781=VERTEX_POINT('',#2530);
#782=VERTEX_POINT('',#2531);
#783=VERTEX_POINT('',#2536);
#784=VERTEX_POINT('',#2540);
#785=VERTEX_POINT('',#2548);
#786=VERTEX_POINT('',#2549);
#787=VERTEX_POINT('',#2551);
#788=VERTEX_POINT('',#2553);
#789=VERTEX_POINT('',#2557);
#790=VERTEX_POINT('',#2559);
#791=VERTEX_POINT('',#2563);
#792=VERTEX_POINT('',#2565);
#793=VERTEX_POINT('',#2573);
#794=VERTEX_POINT('',#2574);
#795=VERTEX_POINT('',#2576);
#796=VERTEX_POINT('',#2578);
#797=VERTEX_POINT('',#2582);
#798=VERTEX_POINT('',#2584);
#799=VERTEX_POINT('',#2588);
#800=VERTEX_POINT('',#2590);
#801=VERTEX_POINT('',#2598);
#802=VERTEX_POINT('',#2600);
#803=VERTEX_POINT('',#2605);
#804=VERTEX_POINT('',#2607);
#805=VERTEX_POINT('',#2612);
#806=VERTEX_POINT('',#2613);
#807=VERTEX_POINT('',#2615);
#808=VERTEX_POINT('',#2617);
#809=VERTEX_POINT('',#2621);
#810=VERTEX_POINT('',#2622);
#811=VERTEX_POINT('',#2627);
#812=VERTEX_POINT('',#2628);
#813=EDGE_CURVE('',#673,#674,#261,.T.);
#814=EDGE_CURVE('',#673,#675,#262,.T.);
#815=EDGE_CURVE('',#676,#675,#263,.T.);
#816=EDGE_CURVE('',#674,#676,#264,.T.);
#817=EDGE_CURVE('',#677,#673,#265,.T.);
#818=EDGE_CURVE('',#677,#678,#266,.T.);
#819=EDGE_CURVE('',#675,#678,#267,.T.);
#820=EDGE_CURVE('',#679,#677,#268,.T.);
#821=EDGE_CURVE('',#679,#680,#269,.T.);
#822=EDGE_CURVE('',#678,#680,#270,.T.);
#823=EDGE_CURVE('',#674,#679,#271,.T.);
#824=EDGE_CURVE('',#680,#676,#272,.T.);
#825=EDGE_CURVE('',#681,#682,#273,.T.);
#826=EDGE_CURVE('',#682,#683,#274,.T.);
#827=EDGE_CURVE('',#683,#684,#275,.T.);
#828=EDGE_CURVE('',#684,#685,#276,.T.);
#829=EDGE_CURVE('',#685,#686,#277,.T.);
#830=EDGE_CURVE('',#686,#687,#278,.T.);
#831=EDGE_CURVE('',#687,#688,#279,.T.);
#832=EDGE_CURVE('',#688,#681,#280,.T.);
#833=EDGE_CURVE('',#689,#682,#281,.T.);
#834=EDGE_CURVE('',#690,#689,#282,.T.);
#835=EDGE_CURVE('',#683,#690,#283,.T.);
#836=EDGE_CURVE('',#691,#690,#284,.T.);
#837=EDGE_CURVE('',#684,#691,#285,.T.);
#838=EDGE_CURVE('',#692,#691,#286,.T.);
#839=EDGE_CURVE('',#685,#692,#287,.T.);
#840=EDGE_CURVE('',#693,#692,#288,.T.);
#841=EDGE_CURVE('',#686,#693,#289,.T.);
#842=EDGE_CURVE('',#694,#693,#290,.T.);
#843=EDGE_CURVE('',#687,#694,#291,.T.);
#844=EDGE_CURVE('',#695,#694,#292,.T.);
#845=EDGE_CURVE('',#688,#695,#293,.T.);
#846=EDGE_CURVE('',#696,#695,#294,.T.);
#847=EDGE_CURVE('',#681,#696,#295,.T.);
#848=EDGE_CURVE('',#689,#696,#296,.T.);
#849=EDGE_CURVE('',#697,#698,#297,.T.);
#850=EDGE_CURVE('',#697,#699,#298,.T.);
#851=EDGE_CURVE('',#700,#699,#299,.T.);
#852=EDGE_CURVE('',#698,#700,#300,.T.);
#853=EDGE_CURVE('',#701,#697,#301,.T.);
#854=EDGE_CURVE('',#701,#702,#302,.T.);
#855=EDGE_CURVE('',#699,#702,#303,.T.);
#856=EDGE_CURVE('',#703,#701,#304,.T.);
#857=EDGE_CURVE('',#703,#704,#305,.T.);
#858=EDGE_CURVE('',#702,#704,#306,.T.);
#859=EDGE_CURVE('',#698,#703,#307,.T.);
#860=EDGE_CURVE('',#704,#700,#308,.T.);
#861=EDGE_CURVE('',#705,#706,#309,.T.);
#862=EDGE_CURVE('',#706,#707,#310,.T.);
#863=EDGE_CURVE('',#707,#708,#311,.T.);
#864=EDGE_CURVE('',#708,#709,#312,.T.);
#865=EDGE_CURVE('',#709,#710,#313,.T.);
#866=EDGE_CURVE('',#710,#711,#314,.T.);
#867=EDGE_CURVE('',#711,#712,#315,.T.);
#868=EDGE_CURVE('',#712,#705,#316,.T.);
#869=EDGE_CURVE('',#713,#714,#317,.T.);
#870=EDGE_CURVE('',#713,#705,#318,.T.);
#871=EDGE_CURVE('',#714,#712,#319,.T.);
#872=EDGE_CURVE('',#714,#715,#320,.T.);
#873=EDGE_CURVE('',#715,#711,#321,.T.);
#874=EDGE_CURVE('',#715,#716,#322,.T.);
#875=EDGE_CURVE('',#716,#710,#323,.T.);
#876=EDGE_CURVE('',#716,#717,#324,.T.);
#877=EDGE_CURVE('',#717,#709,#325,.T.);
#878=EDGE_CURVE('',#717,#718,#326,.T.);
#879=EDGE_CURVE('',#718,#708,#327,.T.);
#880=EDGE_CURVE('',#718,#719,#328,.T.);
#881=EDGE_CURVE('',#719,#707,#329,.T.);
#882=EDGE_CURVE('',#719,#720,#330,.T.);
#883=EDGE_CURVE('',#720,#706,#331,.T.);
#884=EDGE_CURVE('',#720,#713,#332,.T.);
#885=EDGE_CURVE('',#721,#722,#333,.T.);
#886=EDGE_CURVE('',#722,#723,#334,.T.);
#887=EDGE_CURVE('',#723,#724,#335,.T.);
#888=EDGE_CURVE('',#724,#721,#336,.T.);
#889=EDGE_CURVE('',#725,#726,#337,.T.);
#890=EDGE_CURVE('',#726,#727,#338,.T.);
#891=EDGE_CURVE('',#727,#728,#339,.T.);
#892=EDGE_CURVE('',#728,#725,#340,.T.);
#893=EDGE_CURVE('',#725,#724,#341,.T.);
#894=EDGE_CURVE('',#721,#728,#342,.T.);
#895=EDGE_CURVE('',#723,#726,#343,.T.);
#896=EDGE_CURVE('',#722,#727,#344,.T.);
#897=EDGE_CURVE('',#729,#730,#345,.T.);
#898=EDGE_CURVE('',#729,#731,#346,.T.);
#899=EDGE_CURVE('',#732,#731,#347,.T.);
#900=EDGE_CURVE('',#730,#732,#348,.T.);
#901=EDGE_CURVE('',#733,#729,#349,.T.);
#902=EDGE_CURVE('',#733,#734,#350,.T.);
#903=EDGE_CURVE('',#731,#734,#351,.T.);
#904=EDGE_CURVE('',#735,#733,#352,.T.);
#905=EDGE_CURVE('',#735,#736,#353,.T.);
#906=EDGE_CURVE('',#734,#736,#354,.T.);
#907=EDGE_CURVE('',#730,#735,#355,.T.);
#908=EDGE_CURVE('',#736,#732,#356,.T.);
#909=EDGE_CURVE('',#737,#738,#357,.T.);
#910=EDGE_CURVE('',#737,#739,#358,.T.);
#911=EDGE_CURVE('',#740,#739,#359,.T.);
#912=EDGE_CURVE('',#738,#740,#360,.T.);
#913=EDGE_CURVE('',#738,#741,#361,.T.);
#914=EDGE_CURVE('',#742,#740,#362,.T.);
#915=EDGE_CURVE('',#741,#742,#363,.T.);
#916=EDGE_CURVE('',#741,#743,#364,.T.);
#917=EDGE_CURVE('',#744,#742,#365,.T.);
#918=EDGE_CURVE('',#743,#744,#366,.T.);
#919=EDGE_CURVE('',#743,#737,#367,.T.);
#920=EDGE_CURVE('',#739,#744,#368,.T.);
#921=EDGE_CURVE('',#745,#746,#369,.T.);
#922=EDGE_CURVE('',#745,#747,#370,.T.);
#923=EDGE_CURVE('',#748,#747,#371,.T.);
#924=EDGE_CURVE('',#746,#748,#372,.T.);
#925=EDGE_CURVE('',#746,#749,#373,.T.);
#926=EDGE_CURVE('',#750,#748,#374,.T.);
#927=EDGE_CURVE('',#749,#750,#375,.T.);
#928=EDGE_CURVE('',#749,#751,#376,.T.);
#929=EDGE_CURVE('',#752,#750,#377,.T.);
#930=EDGE_CURVE('',#751,#752,#378,.T.);
#931=EDGE_CURVE('',#751,#745,#379,.T.);
#932=EDGE_CURVE('',#747,#752,#380,.T.);
#933=EDGE_CURVE('',#753,#754,#381,.T.);
#934=EDGE_CURVE('',#753,#755,#382,.T.);
#935=EDGE_CURVE('',#756,#755,#383,.T.);
#936=EDGE_CURVE('',#754,#756,#384,.T.);
#937=EDGE_CURVE('',#754,#757,#385,.T.);
#938=EDGE_CURVE('',#758,#756,#386,.T.);
#939=EDGE_CURVE('',#757,#758,#387,.T.);
#940=EDGE_CURVE('',#757,#759,#388,.T.);
#941=EDGE_CURVE('',#760,#758,#389,.T.);
#942=EDGE_CURVE('',#759,#760,#390,.T.);
#943=EDGE_CURVE('',#759,#753,#391,.T.);
#944=EDGE_CURVE('',#755,#760,#392,.T.);
#945=EDGE_CURVE('',#761,#762,#393,.T.);
#946=EDGE_CURVE('',#761,#763,#394,.T.);
#947=EDGE_CURVE('',#764,#763,#395,.T.);
#948=EDGE_CURVE('',#762,#764,#396,.T.);
#949=EDGE_CURVE('',#765,#766,#397,.T.);
#950=EDGE_CURVE('',#765,#767,#398,.T.);
#951=EDGE_CURVE('',#768,#767,#399,.T.);
#952=EDGE_CURVE('',#766,#768,#400,.T.);
#953=EDGE_CURVE('',#766,#761,#401,.T.);
#954=EDGE_CURVE('',#763,#768,#402,.T.);
#955=EDGE_CURVE('',#767,#764,#403,.T.);
#956=EDGE_CURVE('',#762,#769,#404,.T.);
#957=EDGE_CURVE('',#769,#770,#405,.T.);
#958=EDGE_CURVE('',#770,#771,#406,.T.);
#959=EDGE_CURVE('',#771,#772,#407,.T.);
#960=EDGE_CURVE('',#772,#765,#408,.T.);
#961=EDGE_CURVE('',#773,#774,#409,.T.);
#962=EDGE_CURVE('',#774,#775,#410,.T.);
#963=EDGE_CURVE('',#775,#776,#411,.T.);
#964=EDGE_CURVE('',#776,#773,#412,.T.);
#965=EDGE_CURVE('',#773,#777,#413,.T.);
#966=EDGE_CURVE('',#778,#777,#414,.T.);
#967=EDGE_CURVE('',#774,#778,#415,.T.);
#968=EDGE_CURVE('',#779,#778,#416,.T.);
#969=EDGE_CURVE('',#775,#779,#417,.T.);
#970=EDGE_CURVE('',#780,#779,#418,.T.);
#971=EDGE_CURVE('',#776,#780,#419,.T.);
#972=EDGE_CURVE('',#777,#780,#420,.T.);
#973=EDGE_CURVE('',#781,#782,#421,.T.);
#974=EDGE_CURVE('',#772,#781,#422,.T.);
#975=EDGE_CURVE('',#782,#771,#423,.T.);
#976=EDGE_CURVE('',#783,#770,#424,.T.);
#977=EDGE_CURVE('',#783,#782,#425,.T.);
#978=EDGE_CURVE('',#784,#783,#426,.T.);
#979=EDGE_CURVE('',#784,#769,#427,.T.);
#980=EDGE_CURVE('',#781,#784,#428,.T.);
#981=EDGE_CURVE('',#785,#786,#429,.T.);
#982=EDGE_CURVE('',#785,#787,#430,.T.);
#983=EDGE_CURVE('',#788,#787,#431,.T.);
#984=EDGE_CURVE('',#786,#788,#432,.T.);
#985=EDGE_CURVE('',#786,#789,#433,.T.);
#986=EDGE_CURVE('',#790,#788,#434,.T.);
#987=EDGE_CURVE('',#789,#790,#435,.T.);
#988=EDGE_CURVE('',#789,#791,#436,.T.);
#989=EDGE_CURVE('',#792,#790,#437,.T.);
#990=EDGE_CURVE('',#791,#792,#438,.T.);
#991=EDGE_CURVE('',#791,#785,#439,.T.);
#992=EDGE_CURVE('',#787,#792,#440,.T.);
#993=EDGE_CURVE('',#793,#794,#441,.T.);
#994=EDGE_CURVE('',#793,#795,#442,.T.);
#995=EDGE_CURVE('',#796,#795,#443,.T.);
#996=EDGE_CURVE('',#794,#796,#444,.T.);
#997=EDGE_CURVE('',#794,#797,#445,.T.);
#998=EDGE_CURVE('',#798,#796,#446,.T.);
#999=EDGE_CURVE('',#797,#798,#447,.T.);
#1000=EDGE_CURVE('',#797,#799,#448,.T.);
#1001=EDGE_CURVE('',#800,#798,#449,.T.);
#1002=EDGE_CURVE('',#799,#800,#450,.T.);
#1003=EDGE_CURVE('',#799,#793,#451,.T.);
#1004=EDGE_CURVE('',#795,#800,#452,.T.);
#1005=EDGE_CURVE('',#801,#801,#31,.T.);
#1006=EDGE_CURVE('',#801,#802,#453,.T.);
#1007=EDGE_CURVE('',#802,#802,#32,.T.);
#1008=EDGE_CURVE('',#803,#803,#33,.T.);
#1009=EDGE_CURVE('',#803,#804,#454,.T.);
#1010=EDGE_CURVE('',#804,#804,#34,.T.);
#1011=EDGE_CURVE('',#805,#806,#455,.T.);
#1012=EDGE_CURVE('',#806,#807,#456,.T.);
#1013=EDGE_CURVE('',#807,#808,#457,.T.);
#1014=EDGE_CURVE('',#808,#805,#458,.T.);
#1015=EDGE_CURVE('',#809,#810,#459,.T.);
#1016=EDGE_CURVE('',#810,#808,#460,.T.);
#1017=EDGE_CURVE('',#809,#807,#461,.T.);
#1018=EDGE_CURVE('',#811,#812,#462,.T.);
#1019=EDGE_CURVE('',#806,#811,#463,.T.);
#1020=EDGE_CURVE('',#812,#805,#464,.T.);
#1021=EDGE_CURVE('',#811,#809,#465,.T.);
#1022=EDGE_CURVE('',#810,#812,#466,.T.);
#1023=ORIENTED_EDGE('',*,*,#813,.F.);
#1024=ORIENTED_EDGE('',*,*,#814,.T.);
#1025=ORIENTED_EDGE('',*,*,#815,.F.);
#1026=ORIENTED_EDGE('',*,*,#816,.F.);
#1027=ORIENTED_EDGE('',*,*,#817,.F.);
#1028=ORIENTED_EDGE('',*,*,#818,.T.);
#1029=ORIENTED_EDGE('',*,*,#819,.F.);
#1030=ORIENTED_EDGE('',*,*,#814,.F.);
#1031=ORIENTED_EDGE('',*,*,#820,.F.);
#1032=ORIENTED_EDGE('',*,*,#821,.T.);
#1033=ORIENTED_EDGE('',*,*,#822,.F.);
#1034=ORIENTED_EDGE('',*,*,#818,.F.);
#1035=ORIENTED_EDGE('',*,*,#823,.F.);
#1036=ORIENTED_EDGE('',*,*,#816,.T.);
#1037=ORIENTED_EDGE('',*,*,#824,.F.);
#1038=ORIENTED_EDGE('',*,*,#821,.F.);
#1039=ORIENTED_EDGE('',*,*,#825,.T.);
#1040=ORIENTED_EDGE('',*,*,#826,.T.);
#1041=ORIENTED_EDGE('',*,*,#827,.T.);
#1042=ORIENTED_EDGE('',*,*,#828,.T.);
#1043=ORIENTED_EDGE('',*,*,#829,.T.);
#1044=ORIENTED_EDGE('',*,*,#830,.T.);
#1045=ORIENTED_EDGE('',*,*,#831,.T.);
#1046=ORIENTED_EDGE('',*,*,#832,.T.);
#1047=ORIENTED_EDGE('',*,*,#815,.T.);
#1048=ORIENTED_EDGE('',*,*,#819,.T.);
#1049=ORIENTED_EDGE('',*,*,#822,.T.);
#1050=ORIENTED_EDGE('',*,*,#824,.T.);
#1051=ORIENTED_EDGE('',*,*,#833,.F.);
#1052=ORIENTED_EDGE('',*,*,#834,.F.);
#1053=ORIENTED_EDGE('',*,*,#835,.F.);
#1054=ORIENTED_EDGE('',*,*,#826,.F.);
#1055=ORIENTED_EDGE('',*,*,#835,.T.);
#1056=ORIENTED_EDGE('',*,*,#836,.F.);
#1057=ORIENTED_EDGE('',*,*,#837,.F.);
#1058=ORIENTED_EDGE('',*,*,#827,.F.);
#1059=ORIENTED_EDGE('',*,*,#837,.T.);
#1060=ORIENTED_EDGE('',*,*,#838,.F.);
#1061=ORIENTED_EDGE('',*,*,#839,.F.);
#1062=ORIENTED_EDGE('',*,*,#828,.F.);
#1063=ORIENTED_EDGE('',*,*,#839,.T.);
#1064=ORIENTED_EDGE('',*,*,#840,.F.);
#1065=ORIENTED_EDGE('',*,*,#841,.F.);
#1066=ORIENTED_EDGE('',*,*,#829,.F.);
#1067=ORIENTED_EDGE('',*,*,#841,.T.);
#1068=ORIENTED_EDGE('',*,*,#842,.F.);
#1069=ORIENTED_EDGE('',*,*,#843,.F.);
#1070=ORIENTED_EDGE('',*,*,#830,.F.);
#1071=ORIENTED_EDGE('',*,*,#843,.T.);
#1072=ORIENTED_EDGE('',*,*,#844,.F.);
#1073=ORIENTED_EDGE('',*,*,#845,.F.);
#1074=ORIENTED_EDGE('',*,*,#831,.F.);
#1075=ORIENTED_EDGE('',*,*,#845,.T.);
#1076=ORIENTED_EDGE('',*,*,#846,.F.);
#1077=ORIENTED_EDGE('',*,*,#847,.F.);
#1078=ORIENTED_EDGE('',*,*,#832,.F.);
#1079=ORIENTED_EDGE('',*,*,#847,.T.);
#1080=ORIENTED_EDGE('',*,*,#848,.F.);
#1081=ORIENTED_EDGE('',*,*,#833,.T.);
#1082=ORIENTED_EDGE('',*,*,#825,.F.);
#1083=ORIENTED_EDGE('',*,*,#848,.T.);
#1084=ORIENTED_EDGE('',*,*,#846,.T.);
#1085=ORIENTED_EDGE('',*,*,#844,.T.);
#1086=ORIENTED_EDGE('',*,*,#842,.T.);
#1087=ORIENTED_EDGE('',*,*,#840,.T.);
#1088=ORIENTED_EDGE('',*,*,#838,.T.);
#1089=ORIENTED_EDGE('',*,*,#836,.T.);
#1090=ORIENTED_EDGE('',*,*,#834,.T.);
#1091=ORIENTED_EDGE('',*,*,#813,.T.);
#1092=ORIENTED_EDGE('',*,*,#823,.T.);
#1093=ORIENTED_EDGE('',*,*,#820,.T.);
#1094=ORIENTED_EDGE('',*,*,#817,.T.);
#1095=ORIENTED_EDGE('',*,*,#849,.F.);
#1096=ORIENTED_EDGE('',*,*,#850,.T.);
#1097=ORIENTED_EDGE('',*,*,#851,.F.);
#1098=ORIENTED_EDGE('',*,*,#852,.F.);
#1099=ORIENTED_EDGE('',*,*,#853,.F.);
#1100=ORIENTED_EDGE('',*,*,#854,.T.);
#1101=ORIENTED_EDGE('',*,*,#855,.F.);
#1102=ORIENTED_EDGE('',*,*,#850,.F.);
#1103=ORIENTED_EDGE('',*,*,#856,.F.);
#1104=ORIENTED_EDGE('',*,*,#857,.T.);
#1105=ORIENTED_EDGE('',*,*,#858,.F.);
#1106=ORIENTED_EDGE('',*,*,#854,.F.);
#1107=ORIENTED_EDGE('',*,*,#859,.F.);
#1108=ORIENTED_EDGE('',*,*,#852,.T.);
#1109=ORIENTED_EDGE('',*,*,#860,.F.);
#1110=ORIENTED_EDGE('',*,*,#857,.F.);
#1111=ORIENTED_EDGE('',*,*,#861,.T.);
#1112=ORIENTED_EDGE('',*,*,#862,.T.);
#1113=ORIENTED_EDGE('',*,*,#863,.T.);
#1114=ORIENTED_EDGE('',*,*,#864,.T.);
#1115=ORIENTED_EDGE('',*,*,#865,.T.);
#1116=ORIENTED_EDGE('',*,*,#866,.T.);
#1117=ORIENTED_EDGE('',*,*,#867,.T.);
#1118=ORIENTED_EDGE('',*,*,#868,.T.);
#1119=ORIENTED_EDGE('',*,*,#851,.T.);
#1120=ORIENTED_EDGE('',*,*,#855,.T.);
#1121=ORIENTED_EDGE('',*,*,#858,.T.);
#1122=ORIENTED_EDGE('',*,*,#860,.T.);
#1123=ORIENTED_EDGE('',*,*,#869,.F.);
#1124=ORIENTED_EDGE('',*,*,#870,.T.);
#1125=ORIENTED_EDGE('',*,*,#868,.F.);
#1126=ORIENTED_EDGE('',*,*,#871,.F.);
#1127=ORIENTED_EDGE('',*,*,#872,.F.);
#1128=ORIENTED_EDGE('',*,*,#871,.T.);
#1129=ORIENTED_EDGE('',*,*,#867,.F.);
#1130=ORIENTED_EDGE('',*,*,#873,.F.);
#1131=ORIENTED_EDGE('',*,*,#874,.F.);
#1132=ORIENTED_EDGE('',*,*,#873,.T.);
#1133=ORIENTED_EDGE('',*,*,#866,.F.);
#1134=ORIENTED_EDGE('',*,*,#875,.F.);
#1135=ORIENTED_EDGE('',*,*,#876,.F.);
#1136=ORIENTED_EDGE('',*,*,#875,.T.);
#1137=ORIENTED_EDGE('',*,*,#865,.F.);
#1138=ORIENTED_EDGE('',*,*,#877,.F.);
#1139=ORIENTED_EDGE('',*,*,#878,.F.);
#1140=ORIENTED_EDGE('',*,*,#877,.T.);
#1141=ORIENTED_EDGE('',*,*,#864,.F.);
#1142=ORIENTED_EDGE('',*,*,#879,.F.);
#1143=ORIENTED_EDGE('',*,*,#880,.F.);
#1144=ORIENTED_EDGE('',*,*,#879,.T.);
#1145=ORIENTED_EDGE('',*,*,#863,.F.);
#1146=ORIENTED_EDGE('',*,*,#881,.F.);
#1147=ORIENTED_EDGE('',*,*,#882,.F.);
#1148=ORIENTED_EDGE('',*,*,#881,.T.);
#1149=ORIENTED_EDGE('',*,*,#862,.F.);
#1150=ORIENTED_EDGE('',*,*,#883,.F.);
#1151=ORIENTED_EDGE('',*,*,#884,.F.);
#1152=ORIENTED_EDGE('',*,*,#883,.T.);
#1153=ORIENTED_EDGE('',*,*,#861,.F.);
#1154=ORIENTED_EDGE('',*,*,#870,.F.);
#1155=ORIENTED_EDGE('',*,*,#884,.T.);
#1156=ORIENTED_EDGE('',*,*,#869,.T.);
#1157=ORIENTED_EDGE('',*,*,#872,.T.);
#1158=ORIENTED_EDGE('',*,*,#874,.T.);
#1159=ORIENTED_EDGE('',*,*,#876,.T.);
#1160=ORIENTED_EDGE('',*,*,#878,.T.);
#1161=ORIENTED_EDGE('',*,*,#880,.T.);
#1162=ORIENTED_EDGE('',*,*,#882,.T.);
#1163=ORIENTED_EDGE('',*,*,#849,.T.);
#1164=ORIENTED_EDGE('',*,*,#859,.T.);
#1165=ORIENTED_EDGE('',*,*,#856,.T.);
#1166=ORIENTED_EDGE('',*,*,#853,.T.);
#1167=ORIENTED_EDGE('',*,*,#885,.T.);
#1168=ORIENTED_EDGE('',*,*,#886,.T.);
#1169=ORIENTED_EDGE('',*,*,#887,.T.);
#1170=ORIENTED_EDGE('',*,*,#888,.T.);
#1171=ORIENTED_EDGE('',*,*,#889,.T.);
#1172=ORIENTED_EDGE('',*,*,#890,.T.);
#1173=ORIENTED_EDGE('',*,*,#891,.T.);
#1174=ORIENTED_EDGE('',*,*,#892,.T.);
#1175=ORIENTED_EDGE('',*,*,#893,.F.);
#1176=ORIENTED_EDGE('',*,*,#892,.F.);
#1177=ORIENTED_EDGE('',*,*,#894,.F.);
#1178=ORIENTED_EDGE('',*,*,#888,.F.);
#1179=ORIENTED_EDGE('',*,*,#895,.T.);
#1180=ORIENTED_EDGE('',*,*,#889,.F.);
#1181=ORIENTED_EDGE('',*,*,#893,.T.);
#1182=ORIENTED_EDGE('',*,*,#887,.F.);
#1183=ORIENTED_EDGE('',*,*,#894,.T.);
#1184=ORIENTED_EDGE('',*,*,#891,.F.);
#1185=ORIENTED_EDGE('',*,*,#896,.F.);
#1186=ORIENTED_EDGE('',*,*,#885,.F.);
#1187=ORIENTED_EDGE('',*,*,#896,.T.);
#1188=ORIENTED_EDGE('',*,*,#890,.F.);
#1189=ORIENTED_EDGE('',*,*,#895,.F.);
#1190=ORIENTED_EDGE('',*,*,#886,.F.);
#1191=ORIENTED_EDGE('',*,*,#897,.F.);
#1192=ORIENTED_EDGE('',*,*,#898,.T.);
#1193=ORIENTED_EDGE('',*,*,#899,.F.);
#1194=ORIENTED_EDGE('',*,*,#900,.F.);
#1195=ORIENTED_EDGE('',*,*,#901,.F.);
#1196=ORIENTED_EDGE('',*,*,#902,.T.);
#1197=ORIENTED_EDGE('',*,*,#903,.F.);
#1198=ORIENTED_EDGE('',*,*,#898,.F.);
#1199=ORIENTED_EDGE('',*,*,#904,.F.);
#1200=ORIENTED_EDGE('',*,*,#905,.T.);
#1201=ORIENTED_EDGE('',*,*,#906,.F.);
#1202=ORIENTED_EDGE('',*,*,#902,.F.);
#1203=ORIENTED_EDGE('',*,*,#907,.F.);
#1204=ORIENTED_EDGE('',*,*,#900,.T.);
#1205=ORIENTED_EDGE('',*,*,#908,.F.);
#1206=ORIENTED_EDGE('',*,*,#905,.F.);
#1207=ORIENTED_EDGE('',*,*,#909,.F.);
#1208=ORIENTED_EDGE('',*,*,#910,.T.);
#1209=ORIENTED_EDGE('',*,*,#911,.F.);
#1210=ORIENTED_EDGE('',*,*,#912,.F.);
#1211=ORIENTED_EDGE('',*,*,#913,.F.);
#1212=ORIENTED_EDGE('',*,*,#912,.T.);
#1213=ORIENTED_EDGE('',*,*,#914,.F.);
#1214=ORIENTED_EDGE('',*,*,#915,.F.);
#1215=ORIENTED_EDGE('',*,*,#916,.F.);
#1216=ORIENTED_EDGE('',*,*,#915,.T.);
#1217=ORIENTED_EDGE('',*,*,#917,.F.);
#1218=ORIENTED_EDGE('',*,*,#918,.F.);
#1219=ORIENTED_EDGE('',*,*,#919,.F.);
#1220=ORIENTED_EDGE('',*,*,#918,.T.);
#1221=ORIENTED_EDGE('',*,*,#920,.F.);
#1222=ORIENTED_EDGE('',*,*,#910,.F.);
#1223=ORIENTED_EDGE('',*,*,#920,.T.);
#1224=ORIENTED_EDGE('',*,*,#917,.T.);
#1225=ORIENTED_EDGE('',*,*,#914,.T.);
#1226=ORIENTED_EDGE('',*,*,#911,.T.);
#1227=ORIENTED_EDGE('',*,*,#921,.F.);
#1228=ORIENTED_EDGE('',*,*,#922,.T.);
#1229=ORIENTED_EDGE('',*,*,#923,.F.);
#1230=ORIENTED_EDGE('',*,*,#924,.F.);
#1231=ORIENTED_EDGE('',*,*,#925,.F.);
#1232=ORIENTED_EDGE('',*,*,#924,.T.);
#1233=ORIENTED_EDGE('',*,*,#926,.F.);
#1234=ORIENTED_EDGE('',*,*,#927,.F.);
#1235=ORIENTED_EDGE('',*,*,#928,.F.);
#1236=ORIENTED_EDGE('',*,*,#927,.T.);
#1237=ORIENTED_EDGE('',*,*,#929,.F.);
#1238=ORIENTED_EDGE('',*,*,#930,.F.);
#1239=ORIENTED_EDGE('',*,*,#931,.F.);
#1240=ORIENTED_EDGE('',*,*,#930,.T.);
#1241=ORIENTED_EDGE('',*,*,#932,.F.);
#1242=ORIENTED_EDGE('',*,*,#922,.F.);
#1243=ORIENTED_EDGE('',*,*,#932,.T.);
#1244=ORIENTED_EDGE('',*,*,#929,.T.);
#1245=ORIENTED_EDGE('',*,*,#926,.T.);
#1246=ORIENTED_EDGE('',*,*,#923,.T.);
#1247=ORIENTED_EDGE('',*,*,#933,.F.);
#1248=ORIENTED_EDGE('',*,*,#934,.T.);
#1249=ORIENTED_EDGE('',*,*,#935,.F.);
#1250=ORIENTED_EDGE('',*,*,#936,.F.);
#1251=ORIENTED_EDGE('',*,*,#937,.F.);
#1252=ORIENTED_EDGE('',*,*,#936,.T.);
#1253=ORIENTED_EDGE('',*,*,#938,.F.);
#1254=ORIENTED_EDGE('',*,*,#939,.F.);
#1255=ORIENTED_EDGE('',*,*,#940,.F.);
#1256=ORIENTED_EDGE('',*,*,#939,.T.);
#1257=ORIENTED_EDGE('',*,*,#941,.F.);
#1258=ORIENTED_EDGE('',*,*,#942,.F.);
#1259=ORIENTED_EDGE('',*,*,#943,.F.);
#1260=ORIENTED_EDGE('',*,*,#942,.T.);
#1261=ORIENTED_EDGE('',*,*,#944,.F.);
#1262=ORIENTED_EDGE('',*,*,#934,.F.);
#1263=ORIENTED_EDGE('',*,*,#944,.T.);
#1264=ORIENTED_EDGE('',*,*,#941,.T.);
#1265=ORIENTED_EDGE('',*,*,#938,.T.);
#1266=ORIENTED_EDGE('',*,*,#935,.T.);
#1267=ORIENTED_EDGE('',*,*,#945,.F.);
#1268=ORIENTED_EDGE('',*,*,#946,.T.);
#1269=ORIENTED_EDGE('',*,*,#947,.F.);
#1270=ORIENTED_EDGE('',*,*,#948,.F.);
#1271=ORIENTED_EDGE('',*,*,#949,.F.);
#1272=ORIENTED_EDGE('',*,*,#950,.T.);
#1273=ORIENTED_EDGE('',*,*,#951,.F.);
#1274=ORIENTED_EDGE('',*,*,#952,.F.);
#1275=ORIENTED_EDGE('',*,*,#953,.F.);
#1276=ORIENTED_EDGE('',*,*,#952,.T.);
#1277=ORIENTED_EDGE('',*,*,#954,.F.);
#1278=ORIENTED_EDGE('',*,*,#946,.F.);
#1279=ORIENTED_EDGE('',*,*,#954,.T.);
#1280=ORIENTED_EDGE('',*,*,#951,.T.);
#1281=ORIENTED_EDGE('',*,*,#955,.T.);
#1282=ORIENTED_EDGE('',*,*,#947,.T.);
#1283=ORIENTED_EDGE('',*,*,#949,.T.);
#1284=ORIENTED_EDGE('',*,*,#953,.T.);
#1285=ORIENTED_EDGE('',*,*,#945,.T.);
#1286=ORIENTED_EDGE('',*,*,#956,.T.);
#1287=ORIENTED_EDGE('',*,*,#957,.T.);
#1288=ORIENTED_EDGE('',*,*,#958,.T.);
#1289=ORIENTED_EDGE('',*,*,#959,.T.);
#1290=ORIENTED_EDGE('',*,*,#960,.T.);
#1291=ORIENTED_EDGE('',*,*,#897,.T.);
#1292=ORIENTED_EDGE('',*,*,#907,.T.);
#1293=ORIENTED_EDGE('',*,*,#904,.T.);
#1294=ORIENTED_EDGE('',*,*,#901,.T.);
#1295=ORIENTED_EDGE('',*,*,#909,.T.);
#1296=ORIENTED_EDGE('',*,*,#913,.T.);
#1297=ORIENTED_EDGE('',*,*,#916,.T.);
#1298=ORIENTED_EDGE('',*,*,#919,.T.);
#1299=ORIENTED_EDGE('',*,*,#921,.T.);
#1300=ORIENTED_EDGE('',*,*,#925,.T.);
#1301=ORIENTED_EDGE('',*,*,#928,.T.);
#1302=ORIENTED_EDGE('',*,*,#931,.T.);
#1303=ORIENTED_EDGE('',*,*,#933,.T.);
#1304=ORIENTED_EDGE('',*,*,#937,.T.);
#1305=ORIENTED_EDGE('',*,*,#940,.T.);
#1306=ORIENTED_EDGE('',*,*,#943,.T.);
#1307=ORIENTED_EDGE('',*,*,#961,.T.);
#1308=ORIENTED_EDGE('',*,*,#962,.T.);
#1309=ORIENTED_EDGE('',*,*,#963,.T.);
#1310=ORIENTED_EDGE('',*,*,#964,.T.);
#1311=ORIENTED_EDGE('',*,*,#961,.F.);
#1312=ORIENTED_EDGE('',*,*,#965,.T.);
#1313=ORIENTED_EDGE('',*,*,#966,.F.);
#1314=ORIENTED_EDGE('',*,*,#967,.F.);
#1315=ORIENTED_EDGE('',*,*,#962,.F.);
#1316=ORIENTED_EDGE('',*,*,#967,.T.);
#1317=ORIENTED_EDGE('',*,*,#968,.F.);
#1318=ORIENTED_EDGE('',*,*,#969,.F.);
#1319=ORIENTED_EDGE('',*,*,#963,.F.);
#1320=ORIENTED_EDGE('',*,*,#969,.T.);
#1321=ORIENTED_EDGE('',*,*,#970,.F.);
#1322=ORIENTED_EDGE('',*,*,#971,.F.);
#1323=ORIENTED_EDGE('',*,*,#964,.F.);
#1324=ORIENTED_EDGE('',*,*,#971,.T.);
#1325=ORIENTED_EDGE('',*,*,#972,.F.);
#1326=ORIENTED_EDGE('',*,*,#965,.F.);
#1327=ORIENTED_EDGE('',*,*,#972,.T.);
#1328=ORIENTED_EDGE('',*,*,#970,.T.);
#1329=ORIENTED_EDGE('',*,*,#968,.T.);
#1330=ORIENTED_EDGE('',*,*,#966,.T.);
#1331=ORIENTED_EDGE('',*,*,#973,.F.);
#1332=ORIENTED_EDGE('',*,*,#974,.F.);
#1333=ORIENTED_EDGE('',*,*,#959,.F.);
#1334=ORIENTED_EDGE('',*,*,#975,.F.);
#1335=ORIENTED_EDGE('',*,*,#975,.T.);
#1336=ORIENTED_EDGE('',*,*,#958,.F.);
#1337=ORIENTED_EDGE('',*,*,#976,.F.);
#1338=ORIENTED_EDGE('',*,*,#977,.T.);
#1339=ORIENTED_EDGE('',*,*,#978,.T.);
#1340=ORIENTED_EDGE('',*,*,#976,.T.);
#1341=ORIENTED_EDGE('',*,*,#957,.F.);
#1342=ORIENTED_EDGE('',*,*,#979,.F.);
#1343=ORIENTED_EDGE('',*,*,#974,.T.);
#1344=ORIENTED_EDGE('',*,*,#980,.T.);
#1345=ORIENTED_EDGE('',*,*,#979,.T.);
#1346=ORIENTED_EDGE('',*,*,#956,.F.);
#1347=ORIENTED_EDGE('',*,*,#948,.T.);
#1348=ORIENTED_EDGE('',*,*,#955,.F.);
#1349=ORIENTED_EDGE('',*,*,#950,.F.);
#1350=ORIENTED_EDGE('',*,*,#960,.F.);
#1351=ORIENTED_EDGE('',*,*,#973,.T.);
#1352=ORIENTED_EDGE('',*,*,#977,.F.);
#1353=ORIENTED_EDGE('',*,*,#978,.F.);
#1354=ORIENTED_EDGE('',*,*,#980,.F.);
#1355=ORIENTED_EDGE('',*,*,#899,.T.);
#1356=ORIENTED_EDGE('',*,*,#903,.T.);
#1357=ORIENTED_EDGE('',*,*,#906,.T.);
#1358=ORIENTED_EDGE('',*,*,#908,.T.);
#1359=ORIENTED_EDGE('',*,*,#981,.F.);
#1360=ORIENTED_EDGE('',*,*,#982,.T.);
#1361=ORIENTED_EDGE('',*,*,#983,.F.);
#1362=ORIENTED_EDGE('',*,*,#984,.F.);
#1363=ORIENTED_EDGE('',*,*,#985,.F.);
#1364=ORIENTED_EDGE('',*,*,#984,.T.);
#1365=ORIENTED_EDGE('',*,*,#986,.F.);
#1366=ORIENTED_EDGE('',*,*,#987,.F.);
#1367=ORIENTED_EDGE('',*,*,#988,.F.);
#1368=ORIENTED_EDGE('',*,*,#987,.T.);
#1369=ORIENTED_EDGE('',*,*,#989,.F.);
#1370=ORIENTED_EDGE('',*,*,#990,.F.);
#1371=ORIENTED_EDGE('',*,*,#991,.F.);
#1372=ORIENTED_EDGE('',*,*,#990,.T.);
#1373=ORIENTED_EDGE('',*,*,#992,.F.);
#1374=ORIENTED_EDGE('',*,*,#982,.F.);
#1375=ORIENTED_EDGE('',*,*,#992,.T.);
#1376=ORIENTED_EDGE('',*,*,#989,.T.);
#1377=ORIENTED_EDGE('',*,*,#986,.T.);
#1378=ORIENTED_EDGE('',*,*,#983,.T.);
#1379=ORIENTED_EDGE('',*,*,#993,.F.);
#1380=ORIENTED_EDGE('',*,*,#994,.T.);
#1381=ORIENTED_EDGE('',*,*,#995,.F.);
#1382=ORIENTED_EDGE('',*,*,#996,.F.);
#1383=ORIENTED_EDGE('',*,*,#997,.F.);
#1384=ORIENTED_EDGE('',*,*,#996,.T.);
#1385=ORIENTED_EDGE('',*,*,#998,.F.);
#1386=ORIENTED_EDGE('',*,*,#999,.F.);
#1387=ORIENTED_EDGE('',*,*,#1000,.F.);
#1388=ORIENTED_EDGE('',*,*,#999,.T.);
#1389=ORIENTED_EDGE('',*,*,#1001,.F.);
#1390=ORIENTED_EDGE('',*,*,#1002,.F.);
#1391=ORIENTED_EDGE('',*,*,#1003,.F.);
#1392=ORIENTED_EDGE('',*,*,#1002,.T.);
#1393=ORIENTED_EDGE('',*,*,#1004,.F.);
#1394=ORIENTED_EDGE('',*,*,#994,.F.);
#1395=ORIENTED_EDGE('',*,*,#1004,.T.);
#1396=ORIENTED_EDGE('',*,*,#1001,.T.);
#1397=ORIENTED_EDGE('',*,*,#998,.T.);
#1398=ORIENTED_EDGE('',*,*,#995,.T.);
#1399=ORIENTED_EDGE('',*,*,#1005,.F.);
#1400=ORIENTED_EDGE('',*,*,#1006,.T.);
#1401=ORIENTED_EDGE('',*,*,#1007,.T.);
#1402=ORIENTED_EDGE('',*,*,#1006,.F.);
#1403=ORIENTED_EDGE('',*,*,#1007,.F.);
#1404=ORIENTED_EDGE('',*,*,#1008,.F.);
#1405=ORIENTED_EDGE('',*,*,#1009,.T.);
#1406=ORIENTED_EDGE('',*,*,#1010,.T.);
#1407=ORIENTED_EDGE('',*,*,#1009,.F.);
#1408=ORIENTED_EDGE('',*,*,#1010,.F.);
#1409=ORIENTED_EDGE('',*,*,#1011,.T.);
#1410=ORIENTED_EDGE('',*,*,#1012,.T.);
#1411=ORIENTED_EDGE('',*,*,#1013,.T.);
#1412=ORIENTED_EDGE('',*,*,#1014,.T.);
#1413=ORIENTED_EDGE('',*,*,#981,.T.);
#1414=ORIENTED_EDGE('',*,*,#985,.T.);
#1415=ORIENTED_EDGE('',*,*,#988,.T.);
#1416=ORIENTED_EDGE('',*,*,#991,.T.);
#1417=ORIENTED_EDGE('',*,*,#993,.T.);
#1418=ORIENTED_EDGE('',*,*,#997,.T.);
#1419=ORIENTED_EDGE('',*,*,#1000,.T.);
#1420=ORIENTED_EDGE('',*,*,#1003,.T.);
#1421=ORIENTED_EDGE('',*,*,#1005,.T.);
#1422=ORIENTED_EDGE('',*,*,#1008,.T.);
#1423=ORIENTED_EDGE('',*,*,#1015,.T.);
#1424=ORIENTED_EDGE('',*,*,#1016,.T.);
#1425=ORIENTED_EDGE('',*,*,#1013,.F.);
#1426=ORIENTED_EDGE('',*,*,#1017,.F.);
#1427=ORIENTED_EDGE('',*,*,#1018,.F.);
#1428=ORIENTED_EDGE('',*,*,#1019,.F.);
#1429=ORIENTED_EDGE('',*,*,#1011,.F.);
#1430=ORIENTED_EDGE('',*,*,#1020,.F.);
#1431=ORIENTED_EDGE('',*,*,#1019,.T.);
#1432=ORIENTED_EDGE('',*,*,#1021,.T.);
#1433=ORIENTED_EDGE('',*,*,#1017,.T.);
#1434=ORIENTED_EDGE('',*,*,#1012,.F.);
#1435=ORIENTED_EDGE('',*,*,#1020,.T.);
#1436=ORIENTED_EDGE('',*,*,#1014,.F.);
#1437=ORIENTED_EDGE('',*,*,#1016,.F.);
#1438=ORIENTED_EDGE('',*,*,#1022,.T.);
#1439=ORIENTED_EDGE('',*,*,#1018,.T.);
#1440=ORIENTED_EDGE('',*,*,#1022,.F.);
#1441=ORIENTED_EDGE('',*,*,#1015,.F.);
#1442=ORIENTED_EDGE('',*,*,#1021,.F.);
#1443=PLANE('',#1680);
#1444=PLANE('',#1681);
#1445=PLANE('',#1682);
#1446=PLANE('',#1683);
#1447=PLANE('',#1684);
#1448=PLANE('',#1685);
#1449=PLANE('',#1686);
#1450=PLANE('',#1687);
#1451=PLANE('',#1688);
#1452=PLANE('',#1689);
#1453=PLANE('',#1690);
#1454=PLANE('',#1691);
#1455=PLANE('',#1692);
#1456=PLANE('',#1693);
#1457=PLANE('',#1695);
#1458=PLANE('',#1696);
#1459=PLANE('',#1697);
#1460=PLANE('',#1698);
#1461=PLANE('',#1699);
#1462=PLANE('',#1700);
#1463=PLANE('',#1701);
#1464=PLANE('',#1702);
#1465=PLANE('',#1703);
#1466=PLANE('',#1704);
#1467=PLANE('',#1705);
#1468=PLANE('',#1706);
#1469=PLANE('',#1707);
#1470=PLANE('',#1708);
#1471=PLANE('',#1710);
#1472=PLANE('',#1711);
#1473=PLANE('',#1712);
#1474=PLANE('',#1713);
#1475=PLANE('',#1714);
#1476=PLANE('',#1715);
#1477=PLANE('',#1717);
#1478=PLANE('',#1718);
#1479=PLANE('',#1719);
#1480=PLANE('',#1720);
#1481=PLANE('',#1721);
#1482=PLANE('',#1722);
#1483=PLANE('',#1723);
#1484=PLANE('',#1724);
#1485=PLANE('',#1725);
#1486=PLANE('',#1726);
#1487=PLANE('',#1727);
#1488=PLANE('',#1728);
#1489=PLANE('',#1729);
#1490=PLANE('',#1730);
#1491=PLANE('',#1731);
#1492=PLANE('',#1732);
#1493=PLANE('',#1733);
#1494=PLANE('',#1734);
#1495=PLANE('',#1735);
#1496=PLANE('',#1736);
#1497=PLANE('',#1737);
#1498=PLANE('',#1738);
#1499=PLANE('',#1739);
#1500=PLANE('',#1740);
#1501=PLANE('',#1741);
#1502=PLANE('',#1742);
#1503=PLANE('',#1743);
#1504=PLANE('',#1744);
#1505=PLANE('',#1745);
#1506=PLANE('',#1746);
#1507=PLANE('',#1747);
#1508=PLANE('',#1748);
#1509=PLANE('',#1749);
#1510=PLANE('',#1750);
#1511=PLANE('',#1752);
#1512=PLANE('',#1753);
#1513=PLANE('',#1754);
#1514=PLANE('',#1755);
#1515=PLANE('',#1756);
#1516=PLANE('',#1757);
#1517=PLANE('',#1758);
#1518=PLANE('',#1759);
#1519=PLANE('',#1760);
#1520=PLANE('',#1761);
#1521=PLANE('',#1765);
#1522=PLANE('',#1769);
#1523=PLANE('',#1770);
#1524=PLANE('',#1771);
#1525=PLANE('',#1772);
#1526=PLANE('',#1773);
#1527=PLANE('',#1774);
#1528=PLANE('',#1775);
#1529=ADVANCED_FACE('',(#71),#1443,.F.);
#1530=ADVANCED_FACE('',(#72),#1444,.F.);
#1531=ADVANCED_FACE('',(#73),#1445,.F.);
#1532=ADVANCED_FACE('',(#74),#1446,.F.);
#1533=ADVANCED_FACE('',(#75,#57),#1447,.T.);
#1534=ADVANCED_FACE('',(#76),#1448,.T.);
#1535=ADVANCED_FACE('',(#77),#1449,.T.);
#1536=ADVANCED_FACE('',(#78),#1450,.T.);
#1537=ADVANCED_FACE('',(#79),#1451,.T.);
#1538=ADVANCED_FACE('',(#80),#1452,.T.);
#1539=ADVANCED_FACE('',(#81),#1453,.T.);
#1540=ADVANCED_FACE('',(#82),#1454,.T.);
#1541=ADVANCED_FACE('',(#83),#1455,.T.);
#1542=ADVANCED_FACE('',(#84,#58),#1456,.T.);
#1543=ADVANCED_FACE('',(#85),#1457,.F.);
#1544=ADVANCED_FACE('',(#86),#1458,.F.);
#1545=ADVANCED_FACE('',(#87),#1459,.F.);
#1546=ADVANCED_FACE('',(#88),#1460,.F.);
#1547=ADVANCED_FACE('',(#89,#59),#1461,.T.);
#1548=ADVANCED_FACE('',(#90),#1462,.T.);
#1549=ADVANCED_FACE('',(#91),#1463,.T.);
#1550=ADVANCED_FACE('',(#92),#1464,.T.);
#1551=ADVANCED_FACE('',(#93),#1465,.T.);
#1552=ADVANCED_FACE('',(#94),#1466,.T.);
#1553=ADVANCED_FACE('',(#95),#1467,.T.);
#1554=ADVANCED_FACE('',(#96),#1468,.T.);
#1555=ADVANCED_FACE('',(#97),#1469,.T.);
#1556=ADVANCED_FACE('',(#98,#60),#1470,.F.);
#1557=ADVANCED_FACE('',(#99),#1471,.T.);
#1558=ADVANCED_FACE('',(#100),#1472,.T.);
#1559=ADVANCED_FACE('',(#101),#1473,.T.);
#1560=ADVANCED_FACE('',(#102),#1474,.T.);
#1561=ADVANCED_FACE('',(#103),#1475,.T.);
#1562=ADVANCED_FACE('',(#104),#1476,.T.);
#1563=ADVANCED_FACE('',(#105),#1477,.F.);
#1564=ADVANCED_FACE('',(#106),#1478,.F.);
#1565=ADVANCED_FACE('',(#107),#1479,.F.);
#1566=ADVANCED_FACE('',(#108),#1480,.F.);
#1567=ADVANCED_FACE('',(#109),#1481,.T.);
#1568=ADVANCED_FACE('',(#110),#1482,.T.);
#1569=ADVANCED_FACE('',(#111),#1483,.T.);
#1570=ADVANCED_FACE('',(#112),#1484,.T.);
#1571=ADVANCED_FACE('',(#113),#1485,.T.);
#1572=ADVANCED_FACE('',(#114),#1486,.T.);
#1573=ADVANCED_FACE('',(#115),#1487,.T.);
#1574=ADVANCED_FACE('',(#116),#1488,.T.);
#1575=ADVANCED_FACE('',(#117),#1489,.T.);
#1576=ADVANCED_FACE('',(#118),#1490,.T.);
#1577=ADVANCED_FACE('',(#119),#1491,.T.);
#1578=ADVANCED_FACE('',(#120),#1492,.T.);
#1579=ADVANCED_FACE('',(#121),#1493,.T.);
#1580=ADVANCED_FACE('',(#122),#1494,.T.);
#1581=ADVANCED_FACE('',(#123),#1495,.T.);
#1582=ADVANCED_FACE('',(#124),#1496,.T.);
#1583=ADVANCED_FACE('',(#125),#1497,.T.);
#1584=ADVANCED_FACE('',(#126),#1498,.T.);
#1585=ADVANCED_FACE('',(#127),#1499,.T.);
#1586=ADVANCED_FACE('',(#128,#61,#62,#63,#64,#65),#1500,.T.);
#1587=ADVANCED_FACE('',(#129),#1501,.T.);
#1588=ADVANCED_FACE('',(#130),#1502,.T.);
#1589=ADVANCED_FACE('',(#131),#1503,.T.);
#1590=ADVANCED_FACE('',(#132),#1504,.T.);
#1591=ADVANCED_FACE('',(#133),#1505,.T.);
#1592=ADVANCED_FACE('',(#134),#1506,.F.);
#1593=ADVANCED_FACE('',(#135),#1507,.T.);
#1594=ADVANCED_FACE('',(#136),#1508,.T.);
#1595=ADVANCED_FACE('',(#137),#1509,.T.);
#1596=ADVANCED_FACE('',(#138,#66),#1510,.F.);
#1597=ADVANCED_FACE('',(#139),#1511,.T.);
#1598=ADVANCED_FACE('',(#140),#1512,.T.);
#1599=ADVANCED_FACE('',(#141),#1513,.T.);
#1600=ADVANCED_FACE('',(#142),#1514,.T.);
#1601=ADVANCED_FACE('',(#143),#1515,.T.);
#1602=ADVANCED_FACE('',(#144),#1516,.T.);
#1603=ADVANCED_FACE('',(#145),#1517,.T.);
#1604=ADVANCED_FACE('',(#146),#1518,.T.);
#1605=ADVANCED_FACE('',(#147),#1519,.T.);
#1606=ADVANCED_FACE('',(#148),#1520,.T.);
#1607=ADVANCED_FACE('',(#149),#35,.F.);
#1608=ADVANCED_FACE('',(#150),#1521,.T.);
#1609=ADVANCED_FACE('',(#151),#36,.F.);
#1610=ADVANCED_FACE('',(#152),#1522,.T.);
#1611=ADVANCED_FACE('',(#153,#67,#68,#69,#70),#1523,.T.);
#1612=ADVANCED_FACE('',(#154),#1524,.T.);
#1613=ADVANCED_FACE('',(#155),#1525,.F.);
#1614=ADVANCED_FACE('',(#156),#1526,.T.);
#1615=ADVANCED_FACE('',(#157),#1527,.T.);
#1616=ADVANCED_FACE('',(#158),#1528,.F.);
#1617=CLOSED_SHELL('',(#1529,#1530,#1531,#1532,#1533,#1534,#1535,#1536,
#1537,#1538,#1539,#1540,#1541,#1542));
#1618=CLOSED_SHELL('',(#1543,#1544,#1545,#1546,#1547,#1548,#1549,#1550,
#1551,#1552,#1553,#1554,#1555,#1556));
#1619=CLOSED_SHELL('',(#1557,#1558,#1559,#1560,#1561,#1562));
#1620=CLOSED_SHELL('',(#1563,#1564,#1565,#1566,#1567,#1568,#1569,#1570,
#1571,#1572,#1573,#1574,#1575,#1576,#1577,#1578,#1579,#1580,#1581,#1582,
#1583,#1584,#1585,#1586,#1587,#1588,#1589,#1590,#1591,#1592,#1593,#1594,
#1595,#1596));
#1621=CLOSED_SHELL('',(#1597,#1598,#1599,#1600,#1601,#1602,#1603,#1604,
#1605,#1606,#1607,#1608,#1609,#1610,#1611,#1612,#1613,#1614,#1615,#1616));
#1622=DERIVED_UNIT_ELEMENT(#1632,1.);
#1623=DERIVED_UNIT_ELEMENT(#2657,-3.);
#1624=DERIVED_UNIT_ELEMENT(#1632,1.);
#1625=DERIVED_UNIT_ELEMENT(#2657,-3.);
#1626=DERIVED_UNIT_ELEMENT(#1632,1.);
#1627=DERIVED_UNIT_ELEMENT(#2657,-3.);
#1628=DERIVED_UNIT_ELEMENT(#1632,1.);
#1629=DERIVED_UNIT_ELEMENT(#2657,-3.);
#1630=DERIVED_UNIT_ELEMENT(#1632,1.);
#1631=DERIVED_UNIT_ELEMENT(#2657,-3.);
#1632=(
MASS_UNIT()
NAMED_UNIT(*)
SI_UNIT(.KILO.,.GRAM.)
);
#1633=DERIVED_UNIT((#1622,#1623));
#1634=DERIVED_UNIT((#1624,#1625));
#1635=DERIVED_UNIT((#1626,#1627));
#1636=DERIVED_UNIT((#1628,#1629));
#1637=DERIVED_UNIT((#1630,#1631));
#1638=MEASURE_REPRESENTATION_ITEM('density measure',
POSITIVE_RATIO_MEASURE(7850.),#1633);
#1639=MEASURE_REPRESENTATION_ITEM('density measure',
POSITIVE_RATIO_MEASURE(7850.),#1634);
#1640=MEASURE_REPRESENTATION_ITEM('density measure',
POSITIVE_RATIO_MEASURE(7850.),#1635);
#1641=MEASURE_REPRESENTATION_ITEM('density measure',
POSITIVE_RATIO_MEASURE(7850.),#1636);
#1642=MEASURE_REPRESENTATION_ITEM('density measure',
POSITIVE_RATIO_MEASURE(7850.),#1637);
#1643=PROPERTY_DEFINITION_REPRESENTATION(#1668,#1653);
#1644=PROPERTY_DEFINITION_REPRESENTATION(#1669,#1654);
#1645=PROPERTY_DEFINITION_REPRESENTATION(#1670,#1655);
#1646=PROPERTY_DEFINITION_REPRESENTATION(#1671,#1656);
#1647=PROPERTY_DEFINITION_REPRESENTATION(#1672,#1657);
#1648=PROPERTY_DEFINITION_REPRESENTATION(#1673,#1658);
#1649=PROPERTY_DEFINITION_REPRESENTATION(#1674,#1659);
#1650=PROPERTY_DEFINITION_REPRESENTATION(#1675,#1660);
#1651=PROPERTY_DEFINITION_REPRESENTATION(#1676,#1661);
#1652=PROPERTY_DEFINITION_REPRESENTATION(#1677,#1662);
#1653=REPRESENTATION('material name',(#1663),#2650);
#1654=REPRESENTATION('density',(#1638),#2650);
#1655=REPRESENTATION('material name',(#1664),#2651);
#1656=REPRESENTATION('density',(#1639),#2651);
#1657=REPRESENTATION('material name',(#1665),#2652);
#1658=REPRESENTATION('density',(#1640),#2652);
#1659=REPRESENTATION('material name',(#1666),#2653);
#1660=REPRESENTATION('density',(#1641),#2653);
#1661=REPRESENTATION('material name',(#1667),#2654);
#1662=REPRESENTATION('density',(#1642),#2654);
#1663=DESCRIPTIVE_REPRESENTATION_ITEM('Steel','Steel');
#1664=DESCRIPTIVE_REPRESENTATION_ITEM('Steel','Steel');
#1665=DESCRIPTIVE_REPRESENTATION_ITEM('Steel','Steel');
#1666=DESCRIPTIVE_REPRESENTATION_ITEM('Steel','Steel');
#1667=DESCRIPTIVE_REPRESENTATION_ITEM('Steel','Steel');
#1668=PROPERTY_DEFINITION('material property','material name',#2685);
#1669=PROPERTY_DEFINITION('material property','density of part',#2685);
#1670=PROPERTY_DEFINITION('material property','material name',#2686);
#1671=PROPERTY_DEFINITION('material property','density of part',#2686);
#1672=PROPERTY_DEFINITION('material property','material name',#2687);
#1673=PROPERTY_DEFINITION('material property','density of part',#2687);
#1674=PROPERTY_DEFINITION('material property','material name',#2688);
#1675=PROPERTY_DEFINITION('material property','density of part',#2688);
#1676=PROPERTY_DEFINITION('material property','material name',#2689);
#1677=PROPERTY_DEFINITION('material property','density of part',#2689);
#1678=AXIS2_PLACEMENT_3D('',#2193,#1781,#1782);
#1679=AXIS2_PLACEMENT_3D('',#2194,#1783,#1784);
#1680=AXIS2_PLACEMENT_3D('',#2195,#1785,#1786);
#1681=AXIS2_PLACEMENT_3D('',#2204,#1791,#1792);
#1682=AXIS2_PLACEMENT_3D('',#2210,#1796,#1797);
#1683=AXIS2_PLACEMENT_3D('',#2216,#1801,#1802);
#1684=AXIS2_PLACEMENT_3D('',#2219,#1805,#1806);
#1685=AXIS2_PLACEMENT_3D('',#2236,#1815,#1816);
#1686=AXIS2_PLACEMENT_3D('',#2242,#1820,#1821);
#1687=AXIS2_PLACEMENT_3D('',#2246,#1824,#1825);
#1688=AXIS2_PLACEMENT_3D('',#2250,#1828,#1829);
#1689=AXIS2_PLACEMENT_3D('',#2254,#1832,#1833);
#1690=AXIS2_PLACEMENT_3D('',#2258,#1836,#1837);
#1691=AXIS2_PLACEMENT_3D('',#2262,#1840,#1841);
#1692=AXIS2_PLACEMENT_3D('',#2266,#1844,#1845);
#1693=AXIS2_PLACEMENT_3D('',#2268,#1847,#1848);
#1694=AXIS2_PLACEMENT_3D('',#2269,#1849,#1850);
#1695=AXIS2_PLACEMENT_3D('',#2270,#1851,#1852);
#1696=AXIS2_PLACEMENT_3D('',#2279,#1857,#1858);
#1697=AXIS2_PLACEMENT_3D('',#2285,#1862,#1863);
#1698=AXIS2_PLACEMENT_3D('',#2291,#1867,#1868);
#1699=AXIS2_PLACEMENT_3D('',#2294,#1871,#1872);
#1700=AXIS2_PLACEMENT_3D('',#2311,#1881,#1882);
#1701=AXIS2_PLACEMENT_3D('',#2317,#1886,#1887);
#1702=AXIS2_PLACEMENT_3D('',#2321,#1890,#1891);
#1703=AXIS2_PLACEMENT_3D('',#2325,#1894,#1895);
#1704=AXIS2_PLACEMENT_3D('',#2329,#1898,#1899);
#1705=AXIS2_PLACEMENT_3D('',#2333,#1902,#1903);
#1706=AXIS2_PLACEMENT_3D('',#2337,#1906,#1907);
#1707=AXIS2_PLACEMENT_3D('',#2341,#1910,#1911);
#1708=AXIS2_PLACEMENT_3D('',#2343,#1913,#1914);
#1709=AXIS2_PLACEMENT_3D('',#2344,#1915,#1916);
#1710=AXIS2_PLACEMENT_3D('',#2345,#1917,#1918);
#1711=AXIS2_PLACEMENT_3D('',#2354,#1923,#1924);
#1712=AXIS2_PLACEMENT_3D('',#2363,#1929,#1930);
#1713=AXIS2_PLACEMENT_3D('',#2366,#1933,#1934);
#1714=AXIS2_PLACEMENT_3D('',#2368,#1936,#1937);
#1715=AXIS2_PLACEMENT_3D('',#2370,#1939,#1940);
#1716=AXIS2_PLACEMENT_3D('',#2371,#1941,#1942);
#1717=AXIS2_PLACEMENT_3D('',#2372,#1943,#1944);
#1718=AXIS2_PLACEMENT_3D('',#2381,#1949,#1950);
#1719=AXIS2_PLACEMENT_3D('',#2387,#1954,#1955);
#1720=AXIS2_PLACEMENT_3D('',#2393,#1959,#1960);
#1721=AXIS2_PLACEMENT_3D('',#2396,#1963,#1964);
#1722=AXIS2_PLACEMENT_3D('',#2405,#1969,#1970);
#1723=AXIS2_PLACEMENT_3D('',#2411,#1974,#1975);
#1724=AXIS2_PLACEMENT_3D('',#2417,#1979,#1980);
#1725=AXIS2_PLACEMENT_3D('',#2420,#1983,#1984);
#1726=AXIS2_PLACEMENT_3D('',#2421,#1985,#1986);
#1727=AXIS2_PLACEMENT_3D('',#2430,#1991,#1992);
#1728=AXIS2_PLACEMENT_3D('',#2436,#1996,#1997);
#1729=AXIS2_PLACEMENT_3D('',#2442,#2001,#2002);
#1730=AXIS2_PLACEMENT_3D('',#2445,#2005,#2006);
#1731=AXIS2_PLACEMENT_3D('',#2446,#2007,#2008);
#1732=AXIS2_PLACEMENT_3D('',#2455,#2013,#2014);
#1733=AXIS2_PLACEMENT_3D('',#2461,#2018,#2019);
#1734=AXIS2_PLACEMENT_3D('',#2467,#2023,#2024);
#1735=AXIS2_PLACEMENT_3D('',#2470,#2027,#2028);
#1736=AXIS2_PLACEMENT_3D('',#2471,#2029,#2030);
#1737=AXIS2_PLACEMENT_3D('',#2480,#2035,#2036);
#1738=AXIS2_PLACEMENT_3D('',#2489,#2041,#2042);
#1739=AXIS2_PLACEMENT_3D('',#2492,#2045,#2046);
#1740=AXIS2_PLACEMENT_3D('',#2494,#2048,#2049);
#1741=AXIS2_PLACEMENT_3D('',#2512,#2059,#2060);
#1742=AXIS2_PLACEMENT_3D('',#2518,#2064,#2065);
#1743=AXIS2_PLACEMENT_3D('',#2522,#2068,#2069);
#1744=AXIS2_PLACEMENT_3D('',#2526,#2072,#2073);
#1745=AXIS2_PLACEMENT_3D('',#2528,#2075,#2076);
#1746=AXIS2_PLACEMENT_3D('',#2529,#2077,#2078);
#1747=AXIS2_PLACEMENT_3D('',#2535,#2082,#2083);
#1748=AXIS2_PLACEMENT_3D('',#2539,#2086,#2087);
#1749=AXIS2_PLACEMENT_3D('',#2543,#2090,#2091);
#1750=AXIS2_PLACEMENT_3D('',#2545,#2093,#2094);
#1751=AXIS2_PLACEMENT_3D('',#2546,#2095,#2096);
#1752=AXIS2_PLACEMENT_3D('',#2547,#2097,#2098);
#1753=AXIS2_PLACEMENT_3D('',#2556,#2103,#2104);
#1754=AXIS2_PLACEMENT_3D('',#2562,#2108,#2109);
#1755=AXIS2_PLACEMENT_3D('',#2568,#2113,#2114);
#1756=AXIS2_PLACEMENT_3D('',#2571,#2117,#2118);
#1757=AXIS2_PLACEMENT_3D('',#2572,#2119,#2120);
#1758=AXIS2_PLACEMENT_3D('',#2581,#2125,#2126);
#1759=AXIS2_PLACEMENT_3D('',#2587,#2130,#2131);
#1760=AXIS2_PLACEMENT_3D('',#2593,#2135,#2136);
#1761=AXIS2_PLACEMENT_3D('',#2596,#2139,#2140);
#1762=AXIS2_PLACEMENT_3D('',#2597,#2141,#2142);
#1763=AXIS2_PLACEMENT_3D('',#2599,#2143,#2144);
#1764=AXIS2_PLACEMENT_3D('',#2602,#2146,#2147);
#1765=AXIS2_PLACEMENT_3D('',#2603,#2148,#2149);
#1766=AXIS2_PLACEMENT_3D('',#2604,#2150,#2151);
#1767=AXIS2_PLACEMENT_3D('',#2606,#2152,#2153);
#1768=AXIS2_PLACEMENT_3D('',#2609,#2155,#2156);
#1769=AXIS2_PLACEMENT_3D('',#2610,#2157,#2158);
#1770=AXIS2_PLACEMENT_3D('',#2611,#2159,#2160);
#1771=AXIS2_PLACEMENT_3D('',#2620,#2165,#2166);
#1772=AXIS2_PLACEMENT_3D('',#2626,#2170,#2171);
#1773=AXIS2_PLACEMENT_3D('',#2632,#2175,#2176);
#1774=AXIS2_PLACEMENT_3D('',#2634,#2178,#2179);
#1775=AXIS2_PLACEMENT_3D('',#2636,#2181,#2182);
#1776=AXIS2_PLACEMENT_3D('',#2637,#2183,#2184);
#1777=AXIS2_PLACEMENT_3D('',#2638,#2185,#2186);
#1778=AXIS2_PLACEMENT_3D('',#2639,#2187,#2188);
#1779=AXIS2_PLACEMENT_3D('',#2640,#2189,#2190);
#1780=AXIS2_PLACEMENT_3D('',#2641,#2191,#2192);
#1781=DIRECTION('axis',(0.,0.,1.));
#1782=DIRECTION('refdir',(1.,0.,0.));
#1783=DIRECTION('axis',(0.,0.,1.));
#1784=DIRECTION('refdir',(1.,0.,0.));
#1785=DIRECTION('center_axis',(0.,1.,0.));
#1786=DIRECTION('ref_axis',(0.,0.,-1.));
#1787=DIRECTION('',(-2.22044604925031E-16,0.,-1.));
#1788=DIRECTION('',(-1.,0.,0.));
#1789=DIRECTION('',(2.77555756156289E-16,0.,1.));
#1790=DIRECTION('',(-1.,0.,0.));
#1791=DIRECTION('center_axis',(0.,0.,1.));
#1792=DIRECTION('ref_axis',(0.,1.,0.));
#1793=DIRECTION('',(0.,1.,0.));
#1794=DIRECTION('',(-1.,0.,0.));
#1795=DIRECTION('',(0.,-1.,0.));
#1796=DIRECTION('center_axis',(0.,-1.,0.));
#1797=DIRECTION('ref_axis',(0.,0.,1.));
#1798=DIRECTION('',(2.22044604925031E-16,0.,1.));
#1799=DIRECTION('',(-1.,0.,0.));
#1800=DIRECTION('',(-2.77555756156289E-16,0.,-1.));
#1801=DIRECTION('center_axis',(0.,0.,-1.));
#1802=DIRECTION('ref_axis',(0.,-1.,0.));
#1803=DIRECTION('',(0.,-1.,0.));
#1804=DIRECTION('',(0.,1.,0.));
#1805=DIRECTION('center_axis',(-1.,0.,2.77555756156289E-16));
#1806=DIRECTION('ref_axis',(2.77555756156289E-16,0.,1.));
#1807=DIRECTION('',(0.,-1.,0.));
#1808=DIRECTION('',(2.22044604925031E-16,0.,1.));
#1809=DIRECTION('',(0.,-1.,0.));
#1810=DIRECTION('',(2.22044604925031E-16,0.,1.));
#1811=DIRECTION('',(0.,1.,0.));
#1812=DIRECTION('',(-2.22044604925031E-16,0.,-1.));
#1813=DIRECTION('',(0.,-1.,0.));
#1814=DIRECTION('',(-2.22044604925031E-16,0.,-1.));
#1815=DIRECTION('center_axis',(0.,-1.,0.));
#1816=DIRECTION('ref_axis',(-2.22044604925031E-16,0.,-1.));
#1817=DIRECTION('',(-1.,0.,2.77555756156289E-16));
#1818=DIRECTION('',(-2.22044604925031E-16,0.,-1.));
#1819=DIRECTION('',(1.,0.,-2.22044604925031E-16));
#1820=DIRECTION('center_axis',(-2.22044604925031E-16,0.,-1.));
#1821=DIRECTION('ref_axis',(0.,1.,0.));
#1822=DIRECTION('',(0.,1.,0.));
#1823=DIRECTION('',(1.,0.,-2.22044604925031E-16));
#1824=DIRECTION('center_axis',(0.,-1.,0.));
#1825=DIRECTION('ref_axis',(-2.22044604925031E-16,0.,-1.));
#1826=DIRECTION('',(-2.22044604925031E-16,0.,-1.));
#1827=DIRECTION('',(1.,0.,-2.22044604925031E-16));
#1828=DIRECTION('center_axis',(2.22044604925031E-16,0.,1.));
#1829=DIRECTION('ref_axis',(0.,-1.,0.));
#1830=DIRECTION('',(0.,-1.,0.));
#1831=DIRECTION('',(1.,0.,-2.22044604925031E-16));
#1832=DIRECTION('center_axis',(0.,1.,0.));
#1833=DIRECTION('ref_axis',(2.22044604925031E-16,0.,1.));
#1834=DIRECTION('',(2.22044604925031E-16,0.,1.));
#1835=DIRECTION('',(1.,0.,-2.22044604925031E-16));
#1836=DIRECTION('center_axis',(-2.22044604925031E-16,0.,-1.));
#1837=DIRECTION('ref_axis',(0.,1.,0.));
#1838=DIRECTION('',(0.,1.,0.));
#1839=DIRECTION('',(1.,0.,-2.22044604925031E-16));
#1840=DIRECTION('center_axis',(0.,1.,0.));
#1841=DIRECTION('ref_axis',(2.22044604925031E-16,0.,1.));
#1842=DIRECTION('',(2.22044604925031E-16,0.,1.));
#1843=DIRECTION('',(1.,0.,-2.22044604925031E-16));
#1844=DIRECTION('center_axis',(-2.22044604925031E-16,0.,-1.));
#1845=DIRECTION('ref_axis',(0.,1.,0.));
#1846=DIRECTION('',(0.,1.,0.));
#1847=DIRECTION('center_axis',(1.,0.,-2.22044604925031E-16));
#1848=DIRECTION('ref_axis',(-2.22044604925031E-16,0.,-1.));
#1849=DIRECTION('axis',(0.,0.,1.));
#1850=DIRECTION('refdir',(1.,0.,0.));
#1851=DIRECTION('center_axis',(0.,-1.,0.));
#1852=DIRECTION('ref_axis',(0.,0.,-1.));
#1853=DIRECTION('',(-2.22044604925031E-16,0.,-1.));
#1854=DIRECTION('',(1.,0.,0.));
#1855=DIRECTION('',(0.,0.,1.));
#1856=DIRECTION('',(1.,0.,0.));
#1857=DIRECTION('center_axis',(0.,0.,1.));
#1858=DIRECTION('ref_axis',(0.,-1.,0.));
#1859=DIRECTION('',(0.,-1.,0.));
#1860=DIRECTION('',(1.,0.,0.));
#1861=DIRECTION('',(0.,1.,0.));
#1862=DIRECTION('center_axis',(0.,1.,0.));
#1863=DIRECTION('ref_axis',(0.,0.,1.));
#1864=DIRECTION('',(2.22044604925031E-16,0.,1.));
#1865=DIRECTION('',(1.,0.,0.));
#1866=DIRECTION('',(0.,0.,-1.));
#1867=DIRECTION('center_axis',(0.,0.,-1.));
#1868=DIRECTION('ref_axis',(0.,1.,0.));
#1869=DIRECTION('',(0.,1.,0.));
#1870=DIRECTION('',(0.,-1.,0.));
#1871=DIRECTION('center_axis',(1.,0.,0.));
#1872=DIRECTION('ref_axis',(0.,0.,-1.));
#1873=DIRECTION('',(0.,1.,0.));
#1874=DIRECTION('',(2.22044604925031E-16,0.,1.));
#1875=DIRECTION('',(0.,1.,0.));
#1876=DIRECTION('',(2.22044604925031E-16,0.,1.));
#1877=DIRECTION('',(0.,-1.,0.));
#1878=DIRECTION('',(-2.22044604925031E-16,0.,-1.));
#1879=DIRECTION('',(0.,1.,0.));
#1880=DIRECTION('',(-2.22044604925031E-16,0.,-1.));
#1881=DIRECTION('center_axis',(0.,-1.,0.));
#1882=DIRECTION('ref_axis',(-2.22044604925031E-16,0.,-1.));
#1883=DIRECTION('',(2.22044604925031E-16,0.,1.));
#1884=DIRECTION('',(1.,0.,-2.22044604925031E-16));
#1885=DIRECTION('',(1.,0.,-2.22044604925031E-16));
#1886=DIRECTION('center_axis',(-2.22044604925031E-16,0.,-1.));
#1887=DIRECTION('ref_axis',(0.,1.,0.));
#1888=DIRECTION('',(0.,-1.,0.));
#1889=DIRECTION('',(1.,0.,-2.22044604925031E-16));
#1890=DIRECTION('center_axis',(0.,-1.,0.));
#1891=DIRECTION('ref_axis',(-2.22044604925031E-16,0.,-1.));
#1892=DIRECTION('',(2.22044604925031E-16,0.,1.));
#1893=DIRECTION('',(1.,0.,-2.22044604925031E-16));
#1894=DIRECTION('center_axis',(2.22044604925031E-16,0.,1.));
#1895=DIRECTION('ref_axis',(0.,-1.,0.));
#1896=DIRECTION('',(0.,1.,0.));
#1897=DIRECTION('',(1.,0.,-2.22044604925031E-16));
#1898=DIRECTION('center_axis',(0.,1.,0.));
#1899=DIRECTION('ref_axis',(2.22044604925031E-16,0.,1.));
#1900=DIRECTION('',(-2.22044604925031E-16,0.,-1.));
#1901=DIRECTION('',(1.,0.,-2.22044604925031E-16));
#1902=DIRECTION('center_axis',(-2.22044604925031E-16,0.,-1.));
#1903=DIRECTION('ref_axis',(0.,1.,0.));
#1904=DIRECTION('',(0.,-1.,0.));
#1905=DIRECTION('',(1.,0.,-2.22044604925031E-16));
#1906=DIRECTION('center_axis',(0.,1.,0.));
#1907=DIRECTION('ref_axis',(2.22044604925031E-16,0.,1.));
#1908=DIRECTION('',(-2.22044604925031E-16,0.,-1.));
#1909=DIRECTION('',(1.,0.,-2.22044604925031E-16));
#1910=DIRECTION('center_axis',(-2.22044604925031E-16,0.,-1.));
#1911=DIRECTION('ref_axis',(0.,1.,0.));
#1912=DIRECTION('',(0.,-1.,0.));
#1913=DIRECTION('center_axis',(1.,0.,-2.22044604925031E-16));
#1914=DIRECTION('ref_axis',(2.22044604925031E-16,0.,1.));
#1915=DIRECTION('axis',(0.,0.,1.));
#1916=DIRECTION('refdir',(1.,0.,0.));
#1917=DIRECTION('center_axis',(0.,1.,0.));
#1918=DIRECTION('ref_axis',(0.,0.,1.));
#1919=DIRECTION('',(0.,0.,1.));
#1920=DIRECTION('',(1.,0.,0.));
#1921=DIRECTION('',(0.,0.,-1.));
#1922=DIRECTION('',(-1.,0.,0.));
#1923=DIRECTION('center_axis',(0.,-1.,0.));
#1924=DIRECTION('ref_axis',(0.,0.,-1.));
#1925=DIRECTION('',(0.,0.,1.));
#1926=DIRECTION('',(-1.,0.,0.));
#1927=DIRECTION('',(0.,0.,-1.));
#1928=DIRECTION('',(1.,0.,0.));
#1929=DIRECTION('center_axis',(0.,0.,-1.));
#1930=DIRECTION('ref_axis',(-1.,0.,0.));
#1931=DIRECTION('',(0.,1.,0.));
#1932=DIRECTION('',(0.,-1.,0.));
#1933=DIRECTION('center_axis',(1.,0.,0.));
#1934=DIRECTION('ref_axis',(0.,1.,0.));
#1935=DIRECTION('',(0.,-1.,0.));
#1936=DIRECTION('center_axis',(-1.,0.,0.));
#1937=DIRECTION('ref_axis',(0.,-1.,0.));
#1938=DIRECTION('',(0.,-1.,0.));
#1939=DIRECTION('center_axis',(0.,0.,1.));
#1940=DIRECTION('ref_axis',(1.,0.,0.));
#1941=DIRECTION('axis',(0.,0.,1.));
#1942=DIRECTION('refdir',(1.,0.,0.));
#1943=DIRECTION('center_axis',(0.,1.,0.));
#1944=DIRECTION('ref_axis',(1.,0.,0.));
#1945=DIRECTION('',(1.,0.,0.));
#1946=DIRECTION('',(0.,0.,-1.));
#1947=DIRECTION('',(-1.,0.,0.));
#1948=DIRECTION('',(0.,0.,-1.));
#1949=DIRECTION('center_axis',(-1.,0.,0.));
#1950=DIRECTION('ref_axis',(0.,1.,0.));
#1951=DIRECTION('',(0.,1.,0.));
#1952=DIRECTION('',(0.,0.,-1.));
#1953=DIRECTION('',(0.,-1.,0.));
#1954=DIRECTION('center_axis',(0.,-1.,0.));
#1955=DIRECTION('ref_axis',(-1.,0.,0.));
#1956=DIRECTION('',(-1.,0.,0.));
#1957=DIRECTION('',(0.,0.,-1.));
#1958=DIRECTION('',(1.,0.,0.));
#1959=DIRECTION('center_axis',(1.,0.,0.));
#1960=DIRECTION('ref_axis',(0.,-1.,0.));
#1961=DIRECTION('',(0.,-1.,0.));
#1962=DIRECTION('',(0.,1.,0.));
#1963=DIRECTION('center_axis',(0.,-1.,0.));
#1964=DIRECTION('ref_axis',(1.,0.,-1.84498479542675E-15));
#1965=DIRECTION('',(-1.,0.,0.));
#1966=DIRECTION('',(0.,0.,1.));
#1967=DIRECTION('',(1.,0.,-1.84498479542675E-15));
#1968=DIRECTION('',(0.,0.,1.));
#1969=DIRECTION('center_axis',(-1.,0.,0.));
#1970=DIRECTION('ref_axis',(0.,-1.,0.));
#1971=DIRECTION('',(0.,1.,0.));
#1972=DIRECTION('',(0.,-1.,0.));
#1973=DIRECTION('',(0.,0.,1.));
#1974=DIRECTION('center_axis',(0.,1.,0.));
#1975=DIRECTION('ref_axis',(-1.,0.,1.84498479542675E-15));
#1976=DIRECTION('',(1.,0.,0.));
#1977=DIRECTION('',(-1.,0.,1.84498479542675E-15));
#1978=DIRECTION('',(0.,0.,1.));
#1979=DIRECTION('center_axis',(1.,0.,0.));
#1980=DIRECTION('ref_axis',(0.,1.,0.));
#1981=DIRECTION('',(0.,-1.,0.));
#1982=DIRECTION('',(0.,1.,0.));
#1983=DIRECTION('center_axis',(0.,0.,1.));
#1984=DIRECTION('ref_axis',(1.,0.,0.));
#1985=DIRECTION('center_axis',(0.,1.,0.));
#1986=DIRECTION('ref_axis',(-1.,0.,0.));
#1987=DIRECTION('',(1.,0.,0.));
#1988=DIRECTION('',(0.,0.,1.));
#1989=DIRECTION('',(-1.,0.,0.));
#1990=DIRECTION('',(0.,0.,1.));
#1991=DIRECTION('center_axis',(1.,0.,0.));
#1992=DIRECTION('ref_axis',(0.,1.,0.));
#1993=DIRECTION('',(0.,-1.,0.));
#1994=DIRECTION('',(0.,1.,0.));
#1995=DIRECTION('',(0.,0.,1.));
#1996=DIRECTION('center_axis',(0.,-1.,0.));
#1997=DIRECTION('ref_axis',(1.,0.,0.));
#1998=DIRECTION('',(-1.,0.,0.));
#1999=DIRECTION('',(1.,0.,0.));
#2000=DIRECTION('',(0.,0.,1.));
#2001=DIRECTION('center_axis',(-1.,0.,0.));
#2002=DIRECTION('ref_axis',(0.,-1.,0.));
#2003=DIRECTION('',(0.,1.,0.));
#2004=DIRECTION('',(0.,-1.,0.));
#2005=DIRECTION('center_axis',(0.,0.,1.));
#2006=DIRECTION('ref_axis',(1.,0.,0.));
#2007=DIRECTION('center_axis',(0.,-1.,0.));
#2008=DIRECTION('ref_axis',(1.,0.,0.));
#2009=DIRECTION('',(-1.,0.,0.));
#2010=DIRECTION('',(0.,0.,1.));
#2011=DIRECTION('',(1.,0.,0.));
#2012=DIRECTION('',(0.,0.,1.));
#2013=DIRECTION('center_axis',(-1.,0.,0.));
#2014=DIRECTION('ref_axis',(0.,-1.,0.));
#2015=DIRECTION('',(0.,1.,0.));
#2016=DIRECTION('',(0.,-1.,0.));
#2017=DIRECTION('',(0.,0.,1.));
#2018=DIRECTION('center_axis',(0.,1.,0.));
#2019=DIRECTION('ref_axis',(-1.,0.,0.));
#2020=DIRECTION('',(1.,0.,0.));
#2021=DIRECTION('',(-1.,0.,0.));
#2022=DIRECTION('',(0.,0.,1.));
#2023=DIRECTION('center_axis',(1.,0.,0.));
#2024=DIRECTION('ref_axis',(0.,1.,0.));
#2025=DIRECTION('',(0.,-1.,0.));
#2026=DIRECTION('',(0.,1.,0.));
#2027=DIRECTION('center_axis',(0.,0.,1.));
#2028=DIRECTION('ref_axis',(1.,0.,0.));
#2029=DIRECTION('center_axis',(0.,1.,0.));
#2030=DIRECTION('ref_axis',(-1.,0.,0.));
#2031=DIRECTION('',(1.,0.,0.));
#2032=DIRECTION('',(0.,0.,1.));
#2033=DIRECTION('',(-1.,0.,0.));
#2034=DIRECTION('',(0.,0.,1.));
#2035=DIRECTION('center_axis',(0.,-1.,0.));
#2036=DIRECTION('ref_axis',(1.,0.,0.));
#2037=DIRECTION('',(-1.,0.,0.));
#2038=DIRECTION('',(0.,0.,1.));
#2039=DIRECTION('',(1.,0.,0.));
#2040=DIRECTION('',(0.,0.,1.));
#2041=DIRECTION('center_axis',(-1.,0.,0.));
#2042=DIRECTION('ref_axis',(0.,-1.,0.));
#2043=DIRECTION('',(0.,1.,0.));
#2044=DIRECTION('',(0.,-1.,0.));
#2045=DIRECTION('center_axis',(0.,0.,1.));
#2046=DIRECTION('ref_axis',(1.,0.,0.));
#2047=DIRECTION('',(0.,1.,0.));
#2048=DIRECTION('center_axis',(0.,0.,1.));
#2049=DIRECTION('ref_axis',(1.,0.,0.));
#2050=DIRECTION('',(0.,1.,0.));
#2051=DIRECTION('',(-1.,0.,0.));
#2052=DIRECTION('',(0.,-1.,0.));
#2053=DIRECTION('',(1.,0.,0.));
#2054=DIRECTION('',(0.,1.,0.));
#2055=DIRECTION('',(0.,-1.,0.));
#2056=DIRECTION('',(-1.,0.,0.));
#2057=DIRECTION('',(0.,1.,0.));
#2058=DIRECTION('',(1.,0.,0.));
#2059=DIRECTION('center_axis',(1.,0.,0.));
#2060=DIRECTION('ref_axis',(0.,1.,0.));
#2061=DIRECTION('',(0.,0.,1.));
#2062=DIRECTION('',(0.,1.,0.));
#2063=DIRECTION('',(0.,0.,1.));
#2064=DIRECTION('center_axis',(0.,-1.,0.));
#2065=DIRECTION('ref_axis',(1.,0.,1.34572485828066E-16));
#2066=DIRECTION('',(1.,0.,1.34572485828066E-16));
#2067=DIRECTION('',(0.,0.,1.));
#2068=DIRECTION('center_axis',(-1.,0.,0.));
#2069=DIRECTION('ref_axis',(0.,-1.,0.));
#2070=DIRECTION('',(0.,-1.,0.));
#2071=DIRECTION('',(0.,0.,1.));
#2072=DIRECTION('center_axis',(0.,1.,0.));
#2073=DIRECTION('ref_axis',(-1.,0.,-1.34572485828066E-16));
#2074=DIRECTION('',(-1.,0.,-1.34572485828066E-16));
#2075=DIRECTION('center_axis',(0.,0.,1.));
#2076=DIRECTION('ref_axis',(1.,0.,0.));
#2077=DIRECTION('center_axis',(0.,1.,0.));
#2078=DIRECTION('ref_axis',(0.,0.,1.));
#2079=DIRECTION('',(-1.,0.,0.));
#2080=DIRECTION('',(0.,0.,-1.));
#2081=DIRECTION('',(0.,0.,1.));
#2082=DIRECTION('center_axis',(-1.,0.,0.));
#2083=DIRECTION('ref_axis',(0.,-1.,0.));
#2084=DIRECTION('',(0.,0.,1.));
#2085=DIRECTION('',(0.,-1.,0.));
#2086=DIRECTION('center_axis',(0.,1.,0.));
#2087=DIRECTION('ref_axis',(-1.,0.,0.));
#2088=DIRECTION('',(-1.,0.,0.));
#2089=DIRECTION('',(0.,0.,1.));
#2090=DIRECTION('center_axis',(1.,0.,0.));
#2091=DIRECTION('ref_axis',(0.,1.,0.));
#2092=DIRECTION('',(0.,1.,0.));
#2093=DIRECTION('center_axis',(0.,0.,1.));
#2094=DIRECTION('ref_axis',(1.,0.,0.));
#2095=DIRECTION('axis',(0.,0.,1.));
#2096=DIRECTION('refdir',(1.,0.,0.));
#2097=DIRECTION('center_axis',(0.,-1.,0.));
#2098=DIRECTION('ref_axis',(1.,0.,-6.52125461741908E-15));
#2099=DIRECTION('',(-1.,0.,0.));
#2100=DIRECTION('',(7.105427357601E-15,0.,1.));
#2101=DIRECTION('',(1.,0.,-6.52125461741908E-15));
#2102=DIRECTION('',(7.105427357601E-15,0.,1.));
#2103=DIRECTION('center_axis',(-1.,0.,7.105427357601E-15));
#2104=DIRECTION('ref_axis',(0.,-1.,0.));
#2105=DIRECTION('',(0.,1.,0.));
#2106=DIRECTION('',(0.,-1.,0.));
#2107=DIRECTION('',(7.105427357601E-15,0.,1.));
#2108=DIRECTION('center_axis',(0.,1.,0.));
#2109=DIRECTION('ref_axis',(-1.,0.,6.52125461741908E-15));
#2110=DIRECTION('',(1.,0.,0.));
#2111=DIRECTION('',(-1.,0.,6.52125461741908E-15));
#2112=DIRECTION('',(7.105427357601E-15,0.,1.));
#2113=DIRECTION('center_axis',(1.,0.,-7.105427357601E-15));
#2114=DIRECTION('ref_axis',(0.,1.,0.));
#2115=DIRECTION('',(0.,-1.,0.));
#2116=DIRECTION('',(0.,1.,0.));
#2117=DIRECTION('center_axis',(7.105427357601E-15,0.,1.));
#2118=DIRECTION('ref_axis',(1.,0.,-7.105427357601E-15));
#2119=DIRECTION('center_axis',(0.,1.,0.));
#2120=DIRECTION('ref_axis',(-1.,0.,7.01805978862313E-15));
#2121=DIRECTION('',(1.,0.,0.));
#2122=DIRECTION('',(7.105427357601E-15,0.,1.));
#2123=DIRECTION('',(-1.,0.,7.01805978862313E-15));
#2124=DIRECTION('',(7.105427357601E-15,0.,1.));
#2125=DIRECTION('center_axis',(1.,0.,-7.105427357601E-15));
#2126=DIRECTION('ref_axis',(0.,1.,0.));
#2127=DIRECTION('',(0.,-1.,0.));
#2128=DIRECTION('',(0.,1.,0.));
#2129=DIRECTION('',(7.105427357601E-15,0.,1.));
#2130=DIRECTION('center_axis',(0.,-1.,0.));
#2131=DIRECTION('ref_axis',(1.,0.,-7.01805978862313E-15));
#2132=DIRECTION('',(-1.,0.,0.));
#2133=DIRECTION('',(1.,0.,-7.01805978862313E-15));
#2134=DIRECTION('',(7.105427357601E-15,0.,1.));
#2135=DIRECTION('center_axis',(-1.,0.,7.105427357601E-15));
#2136=DIRECTION('ref_axis',(0.,-1.,0.));
#2137=DIRECTION('',(0.,1.,0.));
#2138=DIRECTION('',(0.,-1.,0.));
#2139=DIRECTION('center_axis',(7.105427357601E-15,0.,1.));
#2140=DIRECTION('ref_axis',(1.,0.,-7.105427357601E-15));
#2141=DIRECTION('center_axis',(0.,0.,-1.));
#2142=DIRECTION('ref_axis',(0.,1.,0.));
#2143=DIRECTION('center_axis',(0.,0.,-1.));
#2144=DIRECTION('ref_axis',(0.,1.,0.));
#2145=DIRECTION('',(0.,0.,-1.));
#2146=DIRECTION('center_axis',(0.,0.,-1.));
#2147=DIRECTION('ref_axis',(0.,1.,0.));
#2148=DIRECTION('center_axis',(0.,0.,1.));
#2149=DIRECTION('ref_axis',(0.,1.,0.));
#2150=DIRECTION('center_axis',(0.,0.,-1.));
#2151=DIRECTION('ref_axis',(0.,1.,0.));
#2152=DIRECTION('center_axis',(0.,0.,-1.));
#2153=DIRECTION('ref_axis',(0.,1.,0.));
#2154=DIRECTION('',(0.,0.,-1.));
#2155=DIRECTION('center_axis',(0.,0.,-1.));
#2156=DIRECTION('ref_axis',(0.,1.,0.));
#2157=DIRECTION('center_axis',(0.,0.,1.));
#2158=DIRECTION('ref_axis',(0.,1.,0.));
#2159=DIRECTION('center_axis',(0.,0.,1.));
#2160=DIRECTION('ref_axis',(1.,0.,0.));
#2161=DIRECTION('',(1.,0.,0.));
#2162=DIRECTION('',(0.,1.,0.));
#2163=DIRECTION('',(-1.,0.,0.));
#2164=DIRECTION('',(0.,-1.,0.));
#2165=DIRECTION('center_axis',(0.,1.,0.));
#2166=DIRECTION('ref_axis',(0.,0.,1.));
#2167=DIRECTION('',(-1.,0.,0.));
#2168=DIRECTION('',(0.,0.,1.));
#2169=DIRECTION('',(0.,0.,1.));
#2170=DIRECTION('center_axis',(0.,1.,0.));
#2171=DIRECTION('ref_axis',(0.,0.,1.));
#2172=DIRECTION('',(-1.,0.,0.));
#2173=DIRECTION('',(0.,0.,-1.));
#2174=DIRECTION('',(0.,0.,1.));
#2175=DIRECTION('center_axis',(1.,0.,0.));
#2176=DIRECTION('ref_axis',(0.,1.,0.));
#2177=DIRECTION('',(0.,1.,0.));
#2178=DIRECTION('center_axis',(-1.,0.,0.));
#2179=DIRECTION('ref_axis',(0.,-1.,0.));
#2180=DIRECTION('',(0.,-1.,0.));
#2181=DIRECTION('center_axis',(0.,0.,1.));
#2182=DIRECTION('ref_axis',(1.,0.,0.));
#2183=DIRECTION('',(0.,0.,1.));
#2184=DIRECTION('',(1.,0.,0.));
#2185=DIRECTION('',(0.,0.,1.));
#2186=DIRECTION('',(1.,0.,0.));
#2187=DIRECTION('',(0.,0.,1.));
#2188=DIRECTION('',(6.12323399573677E-17,1.,0.));
#2189=DIRECTION('',(0.,-6.12323399573677E-17,1.));
#2190=DIRECTION('',(0.,1.,6.12323399573677E-17));
#2191=DIRECTION('',(0.,6.12323399573677E-17,1.));
#2192=DIRECTION('',(0.,1.,-6.12323399573677E-17));
#2193=CARTESIAN_POINT('',(0.,0.,0.));
#2194=CARTESIAN_POINT('',(0.,0.,0.));
#2195=CARTESIAN_POINT('Origin',(-95.,-185.,100.));
#2196=CARTESIAN_POINT('',(-95.,-185.,100.));
#2197=CARTESIAN_POINT('',(-95.,-185.,85.));
#2198=CARTESIAN_POINT('',(-95.,-185.,117.5));
#2199=CARTESIAN_POINT('',(-108.,-185.,100.));
#2200=CARTESIAN_POINT('',(-95.,-185.,100.));
#2201=CARTESIAN_POINT('',(-108.,-185.,85.));
#2202=CARTESIAN_POINT('',(-108.,-185.,117.5));
#2203=CARTESIAN_POINT('',(-95.,-185.,85.));
#2204=CARTESIAN_POINT('Origin',(-95.,-235.,100.));
#2205=CARTESIAN_POINT('',(-95.,-235.,100.));
#2206=CARTESIAN_POINT('',(-95.,-222.5,100.));
#2207=CARTESIAN_POINT('',(-108.,-235.,100.));
#2208=CARTESIAN_POINT('',(-95.,-235.,100.));
#2209=CARTESIAN_POINT('',(-108.,-222.5,100.));
#2210=CARTESIAN_POINT('Origin',(-95.,-235.,85.));
#2211=CARTESIAN_POINT('',(-95.,-235.,85.));
#2212=CARTESIAN_POINT('',(-95.,-235.,110.));
#2213=CARTESIAN_POINT('',(-108.,-235.,85.));
#2214=CARTESIAN_POINT('',(-95.,-235.,85.));
#2215=CARTESIAN_POINT('',(-108.,-235.,110.));
#2216=CARTESIAN_POINT('Origin',(-95.,-185.,85.));
#2217=CARTESIAN_POINT('',(-95.,-197.5,85.));
#2218=CARTESIAN_POINT('',(-108.,-197.5,85.));
#2219=CARTESIAN_POINT('Origin',(-108.,-210.,135.));
#2220=CARTESIAN_POINT('',(-108.,-190.,15.));
#2221=CARTESIAN_POINT('',(-108.,-230.,15.));
#2222=CARTESIAN_POINT('',(-108.,-190.,15.));
#2223=CARTESIAN_POINT('',(-108.,-230.,55.));
#2224=CARTESIAN_POINT('',(-108.,-230.,15.));
#2225=CARTESIAN_POINT('',(-108.,-250.,55.));
#2226=CARTESIAN_POINT('',(-108.,-170.,55.));
#2227=CARTESIAN_POINT('',(-108.,-250.,255.));
#2228=CARTESIAN_POINT('',(-108.,-250.,55.));
#2229=CARTESIAN_POINT('',(-108.,-170.,255.));
#2230=CARTESIAN_POINT('',(-108.,-250.,255.));
#2231=CARTESIAN_POINT('',(-108.,-170.,55.));
#2232=CARTESIAN_POINT('',(-108.,-170.,255.));
#2233=CARTESIAN_POINT('',(-108.,-190.,55.));
#2234=CARTESIAN_POINT('',(-108.,-170.,55.));
#2235=CARTESIAN_POINT('',(-108.,-190.,55.));
#2236=CARTESIAN_POINT('Origin',(-100.,-230.,55.));
#2237=CARTESIAN_POINT('',(-95.0000000000001,-230.,15.));
#2238=CARTESIAN_POINT('',(-100.,-230.,15.));
#2239=CARTESIAN_POINT('',(-95.,-230.,55.));
#2240=CARTESIAN_POINT('',(-95.0000000000001,-230.,15.));
#2241=CARTESIAN_POINT('',(-100.,-230.,55.));
#2242=CARTESIAN_POINT('Origin',(-100.,-250.,55.));
#2243=CARTESIAN_POINT('',(-95.,-250.,55.));
#2244=CARTESIAN_POINT('',(-95.,-170.,55.));
#2245=CARTESIAN_POINT('',(-100.,-250.,55.));
#2246=CARTESIAN_POINT('Origin',(-100.,-250.,255.));
#2247=CARTESIAN_POINT('',(-95.,-250.,255.));
#2248=CARTESIAN_POINT('',(-95.,-250.,55.));
#2249=CARTESIAN_POINT('',(-100.,-250.,255.));
#2250=CARTESIAN_POINT('Origin',(-100.,-170.,255.));
#2251=CARTESIAN_POINT('',(-95.,-170.,255.));
#2252=CARTESIAN_POINT('',(-95.,-250.,255.));
#2253=CARTESIAN_POINT('',(-100.,-170.,255.));
#2254=CARTESIAN_POINT('Origin',(-100.,-170.,55.));
#2255=CARTESIAN_POINT('',(-95.,-170.,55.));
#2256=CARTESIAN_POINT('',(-95.,-170.,255.));
#2257=CARTESIAN_POINT('',(-100.,-170.,55.));
#2258=CARTESIAN_POINT('Origin',(-100.,-190.,55.));
#2259=CARTESIAN_POINT('',(-95.,-190.,55.));
#2260=CARTESIAN_POINT('',(-95.,-170.,55.));
#2261=CARTESIAN_POINT('',(-100.,-190.,55.));
#2262=CARTESIAN_POINT('Origin',(-100.,-190.,15.));
#2263=CARTESIAN_POINT('',(-95.0000000000001,-190.,15.));
#2264=CARTESIAN_POINT('',(-95.,-190.,55.));
#2265=CARTESIAN_POINT('',(-100.,-190.,15.));
#2266=CARTESIAN_POINT('Origin',(-100.,-230.,15.));
#2267=CARTESIAN_POINT('',(-95.0000000000001,-190.,15.));
#2268=CARTESIAN_POINT('Origin',(-95.,-210.,135.));
#2269=CARTESIAN_POINT('',(0.,0.,0.));
#2270=CARTESIAN_POINT('Origin',(80.,-235.,100.));
#2271=CARTESIAN_POINT('',(80.,-235.,100.));
#2272=CARTESIAN_POINT('',(80.,-235.,85.));
#2273=CARTESIAN_POINT('',(80.,-235.,117.5));
#2274=CARTESIAN_POINT('',(88.,-235.,100.));
#2275=CARTESIAN_POINT('',(80.,-235.,100.));
#2276=CARTESIAN_POINT('',(88.,-235.,85.));
#2277=CARTESIAN_POINT('',(88.,-235.,117.5));
#2278=CARTESIAN_POINT('',(80.,-235.,85.));
#2279=CARTESIAN_POINT('Origin',(80.,-185.,100.));
#2280=CARTESIAN_POINT('',(80.,-185.,100.));
#2281=CARTESIAN_POINT('',(80.,-197.5,100.));
#2282=CARTESIAN_POINT('',(88.,-185.,100.));
#2283=CARTESIAN_POINT('',(80.,-185.,100.));
#2284=CARTESIAN_POINT('',(88.,-197.5,100.));
#2285=CARTESIAN_POINT('Origin',(80.,-185.,85.));
#2286=CARTESIAN_POINT('',(80.,-185.,85.));
#2287=CARTESIAN_POINT('',(80.,-185.,110.));
#2288=CARTESIAN_POINT('',(88.,-185.,85.));
#2289=CARTESIAN_POINT('',(80.,-185.,85.));
#2290=CARTESIAN_POINT('',(88.,-185.,110.));
#2291=CARTESIAN_POINT('Origin',(80.,-235.,85.));
#2292=CARTESIAN_POINT('',(80.,-222.5,85.));
#2293=CARTESIAN_POINT('',(88.,-222.5,85.));
#2294=CARTESIAN_POINT('Origin',(88.,-210.,135.));
#2295=CARTESIAN_POINT('',(88.,-230.,15.));
#2296=CARTESIAN_POINT('',(88.,-190.,15.));
#2297=CARTESIAN_POINT('',(88.,-190.,15.));
#2298=CARTESIAN_POINT('',(88.,-190.,55.));
#2299=CARTESIAN_POINT('',(88.,-190.,55.));
#2300=CARTESIAN_POINT('',(88.,-170.,55.));
#2301=CARTESIAN_POINT('',(88.,-170.,55.));
#2302=CARTESIAN_POINT('',(88.,-170.,255.));
#2303=CARTESIAN_POINT('',(88.,-170.,255.));
#2304=CARTESIAN_POINT('',(88.,-250.,255.));
#2305=CARTESIAN_POINT('',(88.,-250.,255.));
#2306=CARTESIAN_POINT('',(88.,-250.,55.));
#2307=CARTESIAN_POINT('',(88.,-250.,55.));
#2308=CARTESIAN_POINT('',(88.,-230.,55.));
#2309=CARTESIAN_POINT('',(88.,-170.,55.));
#2310=CARTESIAN_POINT('',(88.,-230.,15.));
#2311=CARTESIAN_POINT('Origin',(80.,-230.,55.));
#2312=CARTESIAN_POINT('',(79.9999999999999,-230.,15.));
#2313=CARTESIAN_POINT('',(80.,-230.,55.));
#2314=CARTESIAN_POINT('',(79.9999999999999,-230.,15.));
#2315=CARTESIAN_POINT('',(79.9999999999999,-230.,15.));
#2316=CARTESIAN_POINT('',(80.,-230.,55.));
#2317=CARTESIAN_POINT('Origin',(80.,-250.,55.));
#2318=CARTESIAN_POINT('',(80.,-250.,55.));
#2319=CARTESIAN_POINT('',(80.,-170.,55.));
#2320=CARTESIAN_POINT('',(80.,-250.,55.));
#2321=CARTESIAN_POINT('Origin',(80.,-250.,255.));
#2322=CARTESIAN_POINT('',(80.,-250.,255.));
#2323=CARTESIAN_POINT('',(80.,-250.,55.));
#2324=CARTESIAN_POINT('',(80.,-250.,255.));
#2325=CARTESIAN_POINT('Origin',(80.,-170.,255.));
#2326=CARTESIAN_POINT('',(80.,-170.,255.));
#2327=CARTESIAN_POINT('',(80.,-250.,255.));
#2328=CARTESIAN_POINT('',(80.,-170.,255.));
#2329=CARTESIAN_POINT('Origin',(80.,-170.,55.));
#2330=CARTESIAN_POINT('',(80.,-170.,55.));
#2331=CARTESIAN_POINT('',(80.,-170.,255.));
#2332=CARTESIAN_POINT('',(80.,-170.,55.));
#2333=CARTESIAN_POINT('Origin',(80.,-190.,55.));
#2334=CARTESIAN_POINT('',(80.,-190.,55.));
#2335=CARTESIAN_POINT('',(80.,-170.,55.));
#2336=CARTESIAN_POINT('',(80.,-190.,55.));
#2337=CARTESIAN_POINT('Origin',(79.9999999999999,-190.,15.));
#2338=CARTESIAN_POINT('',(79.9999999999999,-190.,15.));
#2339=CARTESIAN_POINT('',(80.,-190.,55.));
#2340=CARTESIAN_POINT('',(79.9999999999999,-190.,15.));
#2341=CARTESIAN_POINT('Origin',(79.9999999999999,-230.,15.));
#2342=CARTESIAN_POINT('',(79.9999999999999,-190.,15.));
#2343=CARTESIAN_POINT('Origin',(80.,-210.,135.));
#2344=CARTESIAN_POINT('',(0.,0.,0.));
#2345=CARTESIAN_POINT('Origin',(80.,183.,65.));
#2346=CARTESIAN_POINT('',(0.,183.,62.));
#2347=CARTESIAN_POINT('',(0.,183.,70.));
#2348=CARTESIAN_POINT('',(0.,183.,65.));
#2349=CARTESIAN_POINT('',(80.,183.,70.));
#2350=CARTESIAN_POINT('',(60.,183.,70.));
#2351=CARTESIAN_POINT('',(80.,183.,62.));
#2352=CARTESIAN_POINT('',(80.,183.,65.));
#2353=CARTESIAN_POINT('',(60.,183.,62.));
#2354=CARTESIAN_POINT('Origin',(0.,-13.,65.));
#2355=CARTESIAN_POINT('',(80.,-13.,62.));
#2356=CARTESIAN_POINT('',(80.,-13.,70.));
#2357=CARTESIAN_POINT('',(80.,-13.,65.));
#2358=CARTESIAN_POINT('',(0.,-13.,70.));
#2359=CARTESIAN_POINT('',(0.,-13.,70.));
#2360=CARTESIAN_POINT('',(0.,-13.,62.));
#2361=CARTESIAN_POINT('',(0.,-13.,65.));
#2362=CARTESIAN_POINT('',(0.,-13.,62.));
#2363=CARTESIAN_POINT('Origin',(40.,90.,62.));
#2364=CARTESIAN_POINT('',(80.,175.,62.));
#2365=CARTESIAN_POINT('',(0.,-10.,62.));
#2366=CARTESIAN_POINT('Origin',(80.,0.,65.));
#2367=CARTESIAN_POINT('',(80.,0.,70.));
#2368=CARTESIAN_POINT('Origin',(0.,180.,65.));
#2369=CARTESIAN_POINT('',(0.,180.,70.));
#2370=CARTESIAN_POINT('Origin',(40.,90.,70.));
#2371=CARTESIAN_POINT('',(0.,0.,0.));
#2372=CARTESIAN_POINT('Origin',(170.,155.,7.99999999999997));
#2373=CARTESIAN_POINT('',(170.,155.,7.99999999999997));
#2374=CARTESIAN_POINT('',(210.,155.,7.99999999999997));
#2375=CARTESIAN_POINT('',(180.,155.,8.));
#2376=CARTESIAN_POINT('',(170.,155.,0.));
#2377=CARTESIAN_POINT('',(170.,155.,7.99999999999997));
#2378=CARTESIAN_POINT('',(210.,155.,0.));
#2379=CARTESIAN_POINT('',(180.,155.,0.));
#2380=CARTESIAN_POINT('',(210.,155.,7.99999999999997));
#2381=CARTESIAN_POINT('Origin',(170.,135.,7.99999999999997));
#2382=CARTESIAN_POINT('',(170.,135.,7.99999999999997));
#2383=CARTESIAN_POINT('',(170.,112.5,8.));
#2384=CARTESIAN_POINT('',(170.,135.,0.));
#2385=CARTESIAN_POINT('',(170.,135.,7.99999999999997));
#2386=CARTESIAN_POINT('',(170.,112.5,0.));
#2387=CARTESIAN_POINT('Origin',(210.,135.,7.99999999999997));
#2388=CARTESIAN_POINT('',(210.,135.,7.99999999999997));
#2389=CARTESIAN_POINT('',(200.,135.,8.));
#2390=CARTESIAN_POINT('',(210.,135.,0.));
#2391=CARTESIAN_POINT('',(210.,135.,7.99999999999997));
#2392=CARTESIAN_POINT('',(200.,135.,0.));
#2393=CARTESIAN_POINT('Origin',(210.,155.,7.99999999999997));
#2394=CARTESIAN_POINT('',(210.,122.5,8.));
#2395=CARTESIAN_POINT('',(210.,122.5,0.));
#2396=CARTESIAN_POINT('Origin',(214.252608403987,11.1365564678113,7.99999999999998));
#2397=CARTESIAN_POINT('',(219.252608403987,11.1365564678113,7.99999999999997));
#2398=CARTESIAN_POINT('',(214.252608403987,11.1365564678113,7.99999999999997));
#2399=CARTESIAN_POINT('',(202.126304201994,11.1365564678113,8.));
#2400=CARTESIAN_POINT('',(219.252608403987,11.1365564678113,13.));
#2401=CARTESIAN_POINT('',(219.252608403987,11.1365564678113,7.99999999999997));
#2402=CARTESIAN_POINT('',(214.252608403987,11.1365564678113,13.));
#2403=CARTESIAN_POINT('',(219.252608403987,11.1365564678113,13.));
#2404=CARTESIAN_POINT('',(214.252608403987,11.1365564678113,7.99999999999997));
#2405=CARTESIAN_POINT('Origin',(214.252608403987,47.8544016105665,7.99999999999997));
#2406=CARTESIAN_POINT('',(214.252608403987,47.8544016105665,7.99999999999997));
#2407=CARTESIAN_POINT('',(214.252608403987,68.9272008052833,8.));
#2408=CARTESIAN_POINT('',(214.252608403987,47.8544016105665,13.));
#2409=CARTESIAN_POINT('',(214.252608403987,11.1365564678113,13.));
#2410=CARTESIAN_POINT('',(214.252608403987,47.8544016105665,7.99999999999997));
#2411=CARTESIAN_POINT('Origin',(219.252608403987,47.8544016105665,7.99999999999996));
#2412=CARTESIAN_POINT('',(219.252608403987,47.8544016105665,7.99999999999997));
#2413=CARTESIAN_POINT('',(204.626304201994,47.8544016105665,8.));
#2414=CARTESIAN_POINT('',(219.252608403987,47.8544016105665,13.));
#2415=CARTESIAN_POINT('',(214.252608403987,47.8544016105665,13.));
#2416=CARTESIAN_POINT('',(219.252608403987,47.8544016105665,7.99999999999997));
#2417=CARTESIAN_POINT('Origin',(219.252608403987,11.1365564678113,7.99999999999997));
#2418=CARTESIAN_POINT('',(219.252608403987,50.5682782339056,8.));
#2419=CARTESIAN_POINT('',(219.252608403987,47.8544016105665,13.));
#2420=CARTESIAN_POINT('Origin',(216.752608403987,29.4954790391889,13.));
#2421=CARTESIAN_POINT('Origin',(165.910027764161,48.564882432843,7.99999999999997));
#2422=CARTESIAN_POINT('',(160.910027764161,48.564882432843,7.99999999999997));
#2423=CARTESIAN_POINT('',(165.910027764161,48.564882432843,7.99999999999997));
#2424=CARTESIAN_POINT('',(177.955013882081,48.564882432843,8.));
#2425=CARTESIAN_POINT('',(160.910027764161,48.564882432843,13.));
#2426=CARTESIAN_POINT('',(160.910027764161,48.564882432843,7.99999999999997));
#2427=CARTESIAN_POINT('',(165.910027764161,48.564882432843,13.));
#2428=CARTESIAN_POINT('',(160.910027764161,48.564882432843,13.));
#2429=CARTESIAN_POINT('',(165.910027764161,48.564882432843,7.99999999999997));
#2430=CARTESIAN_POINT('Origin',(165.910027764161,12.2536686506587,7.99999999999997));
#2431=CARTESIAN_POINT('',(165.910027764161,12.2536686506587,7.99999999999997));
#2432=CARTESIAN_POINT('',(165.910027764161,51.1268343253293,8.));
#2433=CARTESIAN_POINT('',(165.910027764161,12.2536686506587,13.));
#2434=CARTESIAN_POINT('',(165.910027764161,48.564882432843,13.));
#2435=CARTESIAN_POINT('',(165.910027764161,12.2536686506587,7.99999999999997));
#2436=CARTESIAN_POINT('Origin',(160.910027764161,12.2536686506587,7.99999999999997));
#2437=CARTESIAN_POINT('',(160.910027764161,12.2536686506587,7.99999999999997));
#2438=CARTESIAN_POINT('',(175.455013882081,12.2536686506587,8.));
#2439=CARTESIAN_POINT('',(160.910027764161,12.2536686506587,13.));
#2440=CARTESIAN_POINT('',(165.910027764161,12.2536686506587,13.));
#2441=CARTESIAN_POINT('',(160.910027764161,12.2536686506587,7.99999999999997));
#2442=CARTESIAN_POINT('Origin',(160.910027764161,48.564882432843,7.99999999999997));
#2443=CARTESIAN_POINT('',(160.910027764161,69.2824412164215,8.));
#2444=CARTESIAN_POINT('',(160.910027764161,12.2536686506587,13.));
#2445=CARTESIAN_POINT('Origin',(163.410027764161,30.4092755417508,13.));
#2446=CARTESIAN_POINT('Origin',(155.999996364117,119.000000506639,7.99999999999997));
#2447=CARTESIAN_POINT('',(221.999996364117,119.000000506639,7.99999999999997));
#2448=CARTESIAN_POINT('',(155.999996364117,119.000000506639,7.99999999999997));
#2449=CARTESIAN_POINT('',(172.999998182058,119.000000506639,8.));
#2450=CARTESIAN_POINT('',(221.999996364117,119.000000506639,13.));
#2451=CARTESIAN_POINT('',(221.999996364117,119.000000506639,7.99999999999997));
#2452=CARTESIAN_POINT('',(155.999996364117,119.000000506639,13.));
#2453=CARTESIAN_POINT('',(221.999996364117,119.000000506639,13.));
#2454=CARTESIAN_POINT('',(155.999996364117,119.000000506639,7.99999999999997));
#2455=CARTESIAN_POINT('Origin',(155.999996364117,129.000000506639,7.99999999999997));
#2456=CARTESIAN_POINT('',(155.999996364117,129.000000506639,7.99999999999997));
#2457=CARTESIAN_POINT('',(155.999996364117,109.50000025332,8.));
#2458=CARTESIAN_POINT('',(155.999996364117,129.000000506639,13.));
#2459=CARTESIAN_POINT('',(155.999996364117,119.000000506639,13.));
#2460=CARTESIAN_POINT('',(155.999996364117,129.000000506639,7.99999999999997));
#2461=CARTESIAN_POINT('Origin',(221.999996364117,129.000000506639,7.99999999999997));
#2462=CARTESIAN_POINT('',(221.999996364117,129.000000506639,7.99999999999997));
#2463=CARTESIAN_POINT('',(205.999998182058,129.000000506639,8.));
#2464=CARTESIAN_POINT('',(221.999996364117,129.000000506639,13.));
#2465=CARTESIAN_POINT('',(155.999996364117,129.000000506639,13.));
#2466=CARTESIAN_POINT('',(221.999996364117,129.000000506639,7.99999999999997));
#2467=CARTESIAN_POINT('Origin',(221.999996364117,119.000000506639,7.99999999999997));
#2468=CARTESIAN_POINT('',(221.999996364117,104.50000025332,8.));
#2469=CARTESIAN_POINT('',(221.999996364117,129.000000506639,13.));
#2470=CARTESIAN_POINT('Origin',(188.999996364117,124.000000506639,13.));
#2471=CARTESIAN_POINT('Origin',(229.999997466803,119.000000506639,7.99999999999997));
#2472=CARTESIAN_POINT('',(225.999997407198,119.000000506639,7.99999999999997));
#2473=CARTESIAN_POINT('',(229.999997466803,119.000000506639,7.99999999999997));
#2474=CARTESIAN_POINT('',(209.999998733401,119.000000506639,8.));
#2475=CARTESIAN_POINT('',(225.999997407198,119.000000506639,13.));
#2476=CARTESIAN_POINT('',(225.999997407198,119.000000506639,7.99999999999997));
#2477=CARTESIAN_POINT('',(229.999997466803,119.000000506639,13.));
#2478=CARTESIAN_POINT('',(229.999997466803,119.000000506639,13.));
#2479=CARTESIAN_POINT('',(229.999997466803,119.000000506639,7.99999999999997));
#2480=CARTESIAN_POINT('Origin',(225.999997407198,70.9999997913837,7.99999999999997));
#2481=CARTESIAN_POINT('',(229.999997466803,70.9999997913837,7.99999999999997));
#2482=CARTESIAN_POINT('',(225.999997407198,70.9999997913837,7.99999999999997));
#2483=CARTESIAN_POINT('',(207.999998703599,70.9999997913837,8.));
#2484=CARTESIAN_POINT('',(229.999997466803,70.9999997913837,13.));
#2485=CARTESIAN_POINT('',(229.999997466803,70.9999997913837,7.99999999999997));
#2486=CARTESIAN_POINT('',(225.999997407198,70.9999997913837,13.));
#2487=CARTESIAN_POINT('',(225.999997407198,70.9999997913837,13.));
#2488=CARTESIAN_POINT('',(225.999997407198,70.9999997913837,7.99999999999997));
#2489=CARTESIAN_POINT('Origin',(225.999997407198,119.000000506639,7.99999999999997));
#2490=CARTESIAN_POINT('',(225.999997407198,104.50000025332,8.));
#2491=CARTESIAN_POINT('',(225.999997407198,119.000000506639,13.));
#2492=CARTESIAN_POINT('Origin',(227.999997437,95.0000001490116,13.));
#2493=CARTESIAN_POINT('',(229.999997466803,70.9999997913837,13.));
#2494=CARTESIAN_POINT('Origin',(190.,90.,8.));
#2495=CARTESIAN_POINT('',(230.,180.,8.));
#2496=CARTESIAN_POINT('',(230.,0.,8.));
#2497=CARTESIAN_POINT('',(150.,180.,8.));
#2498=CARTESIAN_POINT('',(230.,180.,8.));
#2499=CARTESIAN_POINT('',(150.,5.,8.));
#2500=CARTESIAN_POINT('',(150.,180.,8.));
#2501=CARTESIAN_POINT('',(230.,5.,8.));
#2502=CARTESIAN_POINT('',(170.,5.,8.));
#2503=CARTESIAN_POINT('',(230.,0.,8.));
#2504=CARTESIAN_POINT('',(221.999997347593,64.9999997019768,7.99999999999997));
#2505=CARTESIAN_POINT('',(221.999997347593,54.9999997019768,7.99999999999997));
#2506=CARTESIAN_POINT('',(221.999997347593,72.4999998509884,8.));
#2507=CARTESIAN_POINT('',(155.999996364117,54.9999997019768,7.99999999999997));
#2508=CARTESIAN_POINT('',(172.999998182058,54.9999997019768,8.));
#2509=CARTESIAN_POINT('',(155.999996364117,64.9999997019768,7.99999999999997));
#2510=CARTESIAN_POINT('',(155.999996364117,77.4999998509884,8.));
#2511=CARTESIAN_POINT('',(205.999998673797,64.9999997019768,8.));
#2512=CARTESIAN_POINT('Origin',(221.999997347593,54.9999997019768,7.99999999999997));
#2513=CARTESIAN_POINT('',(221.999997347593,64.9999997019768,13.));
#2514=CARTESIAN_POINT('',(221.999997347593,64.9999997019768,7.99999999999997));
#2515=CARTESIAN_POINT('',(221.999997347593,54.9999997019768,13.));
#2516=CARTESIAN_POINT('',(221.999997347593,54.9999997019768,13.));
#2517=CARTESIAN_POINT('',(221.999997347593,54.9999997019768,7.99999999999997));
#2518=CARTESIAN_POINT('Origin',(155.999996364117,54.9999997019768,7.99999999999997));
#2519=CARTESIAN_POINT('',(155.999996364117,54.9999997019768,13.));
#2520=CARTESIAN_POINT('',(155.999996364117,54.9999997019768,13.));
#2521=CARTESIAN_POINT('',(155.999996364117,54.9999997019768,7.99999999999997));
#2522=CARTESIAN_POINT('Origin',(155.999996364117,64.9999997019768,7.99999999999997));
#2523=CARTESIAN_POINT('',(155.999996364117,64.9999997019768,13.));
#2524=CARTESIAN_POINT('',(155.999996364117,64.9999997019768,13.));
#2525=CARTESIAN_POINT('',(155.999996364117,64.9999997019768,7.99999999999997));
#2526=CARTESIAN_POINT('Origin',(221.999997347593,64.9999997019768,7.99999999999997));
#2527=CARTESIAN_POINT('',(221.999997347593,64.9999997019768,13.));
#2528=CARTESIAN_POINT('Origin',(188.999996855855,59.9999997019768,13.));
#2529=CARTESIAN_POINT('Origin',(150.,5.,0.));
#2530=CARTESIAN_POINT('',(230.,5.,0.));
#2531=CARTESIAN_POINT('',(150.,5.,0.));
#2532=CARTESIAN_POINT('',(170.,5.,0.));
#2533=CARTESIAN_POINT('',(230.,5.,0.));
#2534=CARTESIAN_POINT('',(150.,5.,0.));
#2535=CARTESIAN_POINT('Origin',(150.,180.,0.));
#2536=CARTESIAN_POINT('',(150.,180.,0.));
#2537=CARTESIAN_POINT('',(150.,180.,0.));
#2538=CARTESIAN_POINT('',(150.,180.,0.));
#2539=CARTESIAN_POINT('Origin',(230.,180.,0.));
#2540=CARTESIAN_POINT('',(230.,180.,0.));
#2541=CARTESIAN_POINT('',(230.,180.,0.));
#2542=CARTESIAN_POINT('',(230.,180.,0.));
#2543=CARTESIAN_POINT('Origin',(230.,0.,0.));
#2544=CARTESIAN_POINT('',(230.,0.,0.));
#2545=CARTESIAN_POINT('Origin',(190.,90.,0.));
#2546=CARTESIAN_POINT('',(0.,0.,0.));
#2547=CARTESIAN_POINT('Origin',(-69.0000028163195,20.9999989718198,8.00000000000001));
#2548=CARTESIAN_POINT('',(-64.0000028163195,20.9999989718198,7.99999999999998));
#2549=CARTESIAN_POINT('',(-69.0000028163195,20.9999989718198,8.00000000000001));
#2550=CARTESIAN_POINT('',(-79.5000014081597,20.9999989718198,8.));
#2551=CARTESIAN_POINT('',(-64.0000028163194,20.9999989718198,13.));
#2552=CARTESIAN_POINT('',(-64.0000028163195,20.9999989718198,7.99999999999998));
#2553=CARTESIAN_POINT('',(-69.0000028163194,20.9999989718198,13.));
#2554=CARTESIAN_POINT('',(-64.0000028163194,20.9999989718198,13.));
#2555=CARTESIAN_POINT('',(-69.0000028163195,20.9999989718198,8.00000000000001));
#2556=CARTESIAN_POINT('Origin',(-69.0000028163195,98.7114526171398,8.00000000000001));
#2557=CARTESIAN_POINT('',(-69.0000028163195,98.7114526171398,8.00000000000001));
#2558=CARTESIAN_POINT('',(-69.0000028163195,94.3557263085699,8.));
#2559=CARTESIAN_POINT('',(-69.0000028163194,98.7114526171398,13.));
#2560=CARTESIAN_POINT('',(-69.0000028163194,20.9999989718198,13.));
#2561=CARTESIAN_POINT('',(-69.0000028163195,98.7114526171398,8.00000000000001));
#2562=CARTESIAN_POINT('Origin',(-64.0000028163195,98.7114526171398,7.99999999999998));
#2563=CARTESIAN_POINT('',(-64.0000028163195,98.7114526171398,7.99999999999998));
#2564=CARTESIAN_POINT('',(-77.0000014081597,98.7114526171398,8.));
#2565=CARTESIAN_POINT('',(-64.0000028163194,98.7114526171398,13.));
#2566=CARTESIAN_POINT('',(-69.0000028163194,98.7114526171398,13.));
#2567=CARTESIAN_POINT('',(-64.0000028163195,98.7114526171398,7.99999999999998));
#2568=CARTESIAN_POINT('Origin',(-64.0000028163195,20.9999989718198,7.99999999999998));
#2569=CARTESIAN_POINT('',(-64.0000028163195,55.4999994859099,8.));
#2570=CARTESIAN_POINT('',(-64.0000028163194,98.7114526171398,13.));
#2571=CARTESIAN_POINT('Origin',(-66.5000028163194,59.8557257944798,13.));
#2572=CARTESIAN_POINT('Origin',(-110.,100.,7.99999999999999));
#2573=CARTESIAN_POINT('',(-115.,100.,8.00000000000002));
#2574=CARTESIAN_POINT('',(-110.,100.,7.99999999999999));
#2575=CARTESIAN_POINT('',(-100.,100.,8.));
#2576=CARTESIAN_POINT('',(-115.,100.,13.));
#2577=CARTESIAN_POINT('',(-115.,100.,8.00000000000002));
#2578=CARTESIAN_POINT('',(-110.,100.,13.));
#2579=CARTESIAN_POINT('',(-115.,100.,13.));
#2580=CARTESIAN_POINT('',(-110.,100.,7.99999999999999));
#2581=CARTESIAN_POINT('Origin',(-110.,21.3475647453683,7.99999999999999));
#2582=CARTESIAN_POINT('',(-110.,21.3475647453683,7.99999999999999));
#2583=CARTESIAN_POINT('',(-110.,55.6737823726842,8.));
#2584=CARTESIAN_POINT('',(-110.,21.3475647453683,13.));
#2585=CARTESIAN_POINT('',(-110.,100.,13.));
#2586=CARTESIAN_POINT('',(-110.,21.3475647453683,7.99999999999999));
#2587=CARTESIAN_POINT('Origin',(-115.,21.3475647453683,8.00000000000002));
#2588=CARTESIAN_POINT('',(-115.,21.3475647453683,8.00000000000002));
#2589=CARTESIAN_POINT('',(-102.5,21.3475647453683,8.));
#2590=CARTESIAN_POINT('',(-115.,21.3475647453683,13.));
#2591=CARTESIAN_POINT('',(-110.,21.3475647453683,13.));
#2592=CARTESIAN_POINT('',(-115.,21.3475647453683,8.00000000000002));
#2593=CARTESIAN_POINT('Origin',(-115.,100.,8.00000000000002));
#2594=CARTESIAN_POINT('',(-115.,95.,8.));
#2595=CARTESIAN_POINT('',(-115.,21.3475647453683,13.));
#2596=CARTESIAN_POINT('Origin',(-112.5,60.6737823726841,13.));
#2597=CARTESIAN_POINT('Origin',(-73.0000028759241,128.400000573695,8.00000000000001));
#2598=CARTESIAN_POINT('',(-73.0000028759241,126.900000573695,8.00000000000001));
#2599=CARTESIAN_POINT('Origin',(-73.0000028759241,128.400000573695,8.));
#2600=CARTESIAN_POINT('',(-73.0000028759241,126.900000573695,3.00000000000001));
#2601=CARTESIAN_POINT('',(-73.0000028759241,126.900000573695,8.00000000000001));
#2602=CARTESIAN_POINT('Origin',(-73.0000028759241,128.400000573695,3.00000000000001));
#2603=CARTESIAN_POINT('Origin',(-73.0000028759241,128.400000573695,3.00000000000001));
#2604=CARTESIAN_POINT('Origin',(-109.500003419816,165.000001117587,8.00000000000001));
#2605=CARTESIAN_POINT('',(-109.500003419816,163.500001117587,8.00000000000001));
#2606=CARTESIAN_POINT('Origin',(-109.500003419816,165.000001117587,8.));
#2607=CARTESIAN_POINT('',(-109.500003419816,163.500001117587,3.00000000000001));
#2608=CARTESIAN_POINT('',(-109.500003419816,163.500001117587,8.00000000000001));
#2609=CARTESIAN_POINT('Origin',(-109.500003419816,165.000001117587,3.00000000000001));
#2610=CARTESIAN_POINT('Origin',(-109.500003419816,165.000001117587,3.00000000000001));
#2611=CARTESIAN_POINT('Origin',(-90.,90.,8.));
#2612=CARTESIAN_POINT('',(-130.,10.,8.));
#2613=CARTESIAN_POINT('',(-50.,10.,8.));
#2614=CARTESIAN_POINT('',(-110.,10.,8.));
#2615=CARTESIAN_POINT('',(-50.,185.,8.));
#2616=CARTESIAN_POINT('',(-50.,0.,8.));
#2617=CARTESIAN_POINT('',(-130.,185.,8.));
#2618=CARTESIAN_POINT('',(-50.,185.,8.));
#2619=CARTESIAN_POINT('',(-130.,180.,8.));
#2620=CARTESIAN_POINT('Origin',(-50.,185.,0.));
#2621=CARTESIAN_POINT('',(-50.,185.,0.));
#2622=CARTESIAN_POINT('',(-130.,185.,0.));
#2623=CARTESIAN_POINT('',(-50.,185.,0.));
#2624=CARTESIAN_POINT('',(-130.,185.,0.));
#2625=CARTESIAN_POINT('',(-50.,185.,5.));
#2626=CARTESIAN_POINT('Origin',(-130.,10.,0.));
#2627=CARTESIAN_POINT('',(-50.,10.,0.));
#2628=CARTESIAN_POINT('',(-130.,10.,0.));
#2629=CARTESIAN_POINT('',(-110.,10.,0.));
#2630=CARTESIAN_POINT('',(-50.,10.,0.));
#2631=CARTESIAN_POINT('',(-130.,10.,0.));
#2632=CARTESIAN_POINT('Origin',(-50.,0.,0.));
#2633=CARTESIAN_POINT('',(-50.,0.,0.));
#2634=CARTESIAN_POINT('Origin',(-130.,180.,0.));
#2635=CARTESIAN_POINT('',(-130.,180.,0.));
#2636=CARTESIAN_POINT('Origin',(-90.,90.,0.));
#2637=CARTESIAN_POINT('',(0.,0.,0.));
#2638=CARTESIAN_POINT('',(0.,0.,0.));
#2639=CARTESIAN_POINT('',(75.,-250.,193.));
#2640=CARTESIAN_POINT('',(85.,-400.,171.));
#2641=CARTESIAN_POINT('',(90.,-120.,55.));
#2642=UNCERTAINTY_MEASURE_WITH_UNIT(LENGTH_MEASURE(0.01),#2656,
'DISTANCE_ACCURACY_VALUE',
'Maximum model space distance between geometric entities at asserted c
onnectivities');
#2643=UNCERTAINTY_MEASURE_WITH_UNIT(LENGTH_MEASURE(0.01),#2656,
'DISTANCE_ACCURACY_VALUE',
'Maximum model space distance between geometric entities at asserted c
onnectivities');
#2644=UNCERTAINTY_MEASURE_WITH_UNIT(LENGTH_MEASURE(0.01),#2656,
'DISTANCE_ACCURACY_VALUE',
'Maximum model space distance between geometric entities at asserted c
onnectivities');
#2645=UNCERTAINTY_MEASURE_WITH_UNIT(LENGTH_MEASURE(0.01),#2656,
'DISTANCE_ACCURACY_VALUE',
'Maximum model space distance between geometric entities at asserted c
onnectivities');
#2646=UNCERTAINTY_MEASURE_WITH_UNIT(LENGTH_MEASURE(0.01),#2656,
'DISTANCE_ACCURACY_VALUE',
'Maximum model space distance between geometric entities at asserted c
onnectivities');
#2647=UNCERTAINTY_MEASURE_WITH_UNIT(LENGTH_MEASURE(0.01),#2656,
'DISTANCE_ACCURACY_VALUE',
'Maximum model space distance between geometric entities at asserted c
onnectivities');
#2648=UNCERTAINTY_MEASURE_WITH_UNIT(LENGTH_MEASURE(0.01),#2656,
'DISTANCE_ACCURACY_VALUE',
'Maximum model space distance between geometric entities at asserted c
onnectivities');
#2649=(
GEOMETRIC_REPRESENTATION_CONTEXT(3)
GLOBAL_UNCERTAINTY_ASSIGNED_CONTEXT((#2642))
GLOBAL_UNIT_ASSIGNED_CONTEXT((#2656,#2658,#2659))
REPRESENTATION_CONTEXT('','3D')
);
#2650=(
GEOMETRIC_REPRESENTATION_CONTEXT(3)
GLOBAL_UNCERTAINTY_ASSIGNED_CONTEXT((#2643))
GLOBAL_UNIT_ASSIGNED_CONTEXT((#2656,#2658,#2659))
REPRESENTATION_CONTEXT('','3D')
);
#2651=(
GEOMETRIC_REPRESENTATION_CONTEXT(3)
GLOBAL_UNCERTAINTY_ASSIGNED_CONTEXT((#2644))
GLOBAL_UNIT_ASSIGNED_CONTEXT((#2656,#2658,#2659))
REPRESENTATION_CONTEXT('','3D')
);
#2652=(
GEOMETRIC_REPRESENTATION_CONTEXT(3)
GLOBAL_UNCERTAINTY_ASSIGNED_CONTEXT((#2645))
GLOBAL_UNIT_ASSIGNED_CONTEXT((#2656,#2658,#2659))
REPRESENTATION_CONTEXT('','3D')
);
#2653=(
GEOMETRIC_REPRESENTATION_CONTEXT(3)
GLOBAL_UNCERTAINTY_ASSIGNED_CONTEXT((#2646))
GLOBAL_UNIT_ASSIGNED_CONTEXT((#2656,#2658,#2659))
REPRESENTATION_CONTEXT('','3D')
);
#2654=(
GEOMETRIC_REPRESENTATION_CONTEXT(3)
GLOBAL_UNCERTAINTY_ASSIGNED_CONTEXT((#2647))
GLOBAL_UNIT_ASSIGNED_CONTEXT((#2656,#2658,#2659))
REPRESENTATION_CONTEXT('','3D')
);
#2655=(
GEOMETRIC_REPRESENTATION_CONTEXT(3)
GLOBAL_UNCERTAINTY_ASSIGNED_CONTEXT((#2648))
GLOBAL_UNIT_ASSIGNED_CONTEXT((#2656,#2658,#2659))
REPRESENTATION_CONTEXT('','3D')
);
#2656=(
LENGTH_UNIT()
NAMED_UNIT(*)
SI_UNIT(.MILLI.,.METRE.)
);
#2657=(
LENGTH_UNIT()
NAMED_UNIT(*)
SI_UNIT($,.METRE.)
);
#2658=(
NAMED_UNIT(*)
PLANE_ANGLE_UNIT()
SI_UNIT($,.RADIAN.)
);
#2659=(
NAMED_UNIT(*)
SI_UNIT($,.STERADIAN.)
SOLID_ANGLE_UNIT()
);
#2660=SHAPE_DEFINITION_REPRESENTATION(#2666,#2677);
#2661=SHAPE_DEFINITION_REPRESENTATION(#2667,#2678);
#2662=SHAPE_DEFINITION_REPRESENTATION(#2668,#2679);
#2663=SHAPE_DEFINITION_REPRESENTATION(#2669,#2680);
#2664=SHAPE_DEFINITION_REPRESENTATION(#2670,#2681);
#2665=SHAPE_DEFINITION_REPRESENTATION(#2671,#2682);
#2666=PRODUCT_DEFINITION_SHAPE('',$,#2684);
#2667=PRODUCT_DEFINITION_SHAPE('',$,#2685);
#2668=PRODUCT_DEFINITION_SHAPE('',$,#2686);
#2669=PRODUCT_DEFINITION_SHAPE('',$,#2687);
#2670=PRODUCT_DEFINITION_SHAPE('',$,#2688);
#2671=PRODUCT_DEFINITION_SHAPE('',$,#2689);
#2672=PRODUCT_DEFINITION_SHAPE($,$,#26);
#2673=PRODUCT_DEFINITION_SHAPE($,$,#27);
#2674=PRODUCT_DEFINITION_SHAPE($,$,#28);
#2675=PRODUCT_DEFINITION_SHAPE($,$,#29);
#2676=PRODUCT_DEFINITION_SHAPE($,$,#30);
#2677=SHAPE_REPRESENTATION('',(#1678,#1776,#1777,#1778,#1779,#1780),#2649);
#2678=SHAPE_REPRESENTATION('',(#1679),#2650);
#2679=SHAPE_REPRESENTATION('',(#1694),#2651);
#2680=SHAPE_REPRESENTATION('',(#1709),#2652);
#2681=SHAPE_REPRESENTATION('',(#1716),#2653);
#2682=SHAPE_REPRESENTATION('',(#1751),#2654);
#2683=PRODUCT_DEFINITION_CONTEXT('part definition',#2703,'design');
#2684=PRODUCT_DEFINITION('Self balancing body','Self balancing body',#2690,
#2683);
#2685=PRODUCT_DEFINITION('Component2','Component2',#2691,#2683);
#2686=PRODUCT_DEFINITION('Component3','Component3',#2692,#2683);
#2687=PRODUCT_DEFINITION('Component4','Component4',#2693,#2683);
#2688=PRODUCT_DEFINITION('Component5','Component5',#2694,#2683);
#2689=PRODUCT_DEFINITION('Component1','Component1',#2695,#2683);
#2690=PRODUCT_DEFINITION_FORMATION('',$,#2705);
#2691=PRODUCT_DEFINITION_FORMATION('',$,#2706);
#2692=PRODUCT_DEFINITION_FORMATION('',$,#2707);
#2693=PRODUCT_DEFINITION_FORMATION('',$,#2708);
#2694=PRODUCT_DEFINITION_FORMATION('',$,#2709);
#2695=PRODUCT_DEFINITION_FORMATION('',$,#2710);
#2696=PRODUCT_RELATED_PRODUCT_CATEGORY('Self balancing body',
'Self balancing body',(#2705));
#2697=PRODUCT_RELATED_PRODUCT_CATEGORY('Component2','Component2',(#2706));
#2698=PRODUCT_RELATED_PRODUCT_CATEGORY('Component3','Component3',(#2707));
#2699=PRODUCT_RELATED_PRODUCT_CATEGORY('Component4','Component4',(#2708));
#2700=PRODUCT_RELATED_PRODUCT_CATEGORY('Component5','Component5',(#2709));
#2701=PRODUCT_RELATED_PRODUCT_CATEGORY('Component1','Component1',(#2710));
#2702=APPLICATION_PROTOCOL_DEFINITION('international standard',
'automotive_design',2009,#2703);
#2703=APPLICATION_CONTEXT(
'Core Data for Automotive Mechanical Design Process');
#2704=PRODUCT_CONTEXT('part definition',#2703,'mechanical');
#2705=PRODUCT('Self balancing body','Self balancing body',$,(#2704));
#2706=PRODUCT('Component2','Component2',$,(#2704));
#2707=PRODUCT('Component3','Component3',$,(#2704));
#2708=PRODUCT('Component4','Component4',$,(#2704));
#2709=PRODUCT('Component5','Component5',$,(#2704));
#2710=PRODUCT('Component1','Component1',$,(#2704));
#2711=PRESENTATION_STYLE_ASSIGNMENT((#2712));
#2712=SURFACE_STYLE_USAGE(.BOTH.,#2713);
#2713=SURFACE_SIDE_STYLE('',(#2714));
#2714=SURFACE_STYLE_FILL_AREA(#2715);
#2715=FILL_AREA_STYLE('Steel - Satin',(#2716));
#2716=FILL_AREA_STYLE_COLOUR('Steel - Satin',#2717);
#2717=COLOUR_RGB('Steel - Satin',0.627450980392157,0.627450980392157,0.627450980392157);
ENDSEC;
END-ISO-10303-21;
